,Player Id,name,Position,Year,Season,week,Game Date,Home or Away,opponent,Outcome,Score,Games Played,Games Started,Receptions,Receiving Yards,Yards Per Reception,Longest Reception,Receiving TDs,Rushing Attempts,Rushing Yards,Yards Per Carry,Longest Rushing Run,Rushing TDs,Fumbles,Fumbles Lost,Unnamed: 0,team,points,salary,Age,Birth Place,Birthday,College,Current Status,Current Team,Experience,Height (inches),High School,High School Location,Number,Weight (lbs),Years Played
0,trevonwesco/2562777,"Wesco, Trevon",TE,2019,Regular Season,5,10/06,Away,PHI,L,6 to 31,1,1,--,--,--,--,--,--,--,--,--,--,--,--,425,nyj,0.0,4500,24.0,"Martinsburg , WV",9/12/1995,West Virginia,Active,New York Jets,Rookie,75.0,Musselman HS,"Inwood, WV",85.0,267.0,
1,levinetoilolo/2540203,"Toilolo, Levine",TE,2019,Regular Season,2,09/15,Away,CIN,W,41 to 17,1,0,--,--,--,--,--,--,--,--,--,--,--,--,169,sfo,0.0,4000,28.0,"San Diego , CA",7/30/1991,Stanford,Active,San Francisco 49ers,7th season,80.0,Helix HS,"La Mesa, CA",83.0,268.0,
2,levinetoilolo/2540203,"Toilolo, Levine",TE,2019,Regular Season,7,10/20,Away,WAS,W,9 to 0,1,0,1,2,2.0,2,0,--,--,--,--,--,--,--,546,sfo,0.7,4000,28.0,"San Diego , CA",7/30/1991,Stanford,Active,San Francisco 49ers,7th season,80.0,Helix HS,"La Mesa, CA",83.0,268.0,
3,jonnusmith/2558207,"Smith, Jonnu",TE,2019,Regular Season,1,09/08,Away,CLE,W,43 to 13,1,1,1,7,7.0,7,0,1,10,10.0,10,0,--,--,37,ten,2.2,4000,24.0,"Philaldelphia , PA",8/22/1995,Florida International,Active,Tennessee Titans,3rd season,75.0,West Port HS,"Ocala, FL",81.0,248.0,
4,jonnusmith/2558207,"Smith, Jonnu",TE,2019,Regular Season,4,09/29,Away,ATL,W,24 to 10,1,1,1,5,5.0,5,0,--,--,--,--,--,--,--,313,ten,1.0,4000,24.0,"Philaldelphia , PA",8/22/1995,Florida International,Active,Tennessee Titans,3rd season,75.0,West Port HS,"Ocala, FL",81.0,248.0,
5,jonnusmith/2558207,"Smith, Jonnu",TE,2019,Regular Season,6,10/13,Away,DEN,L,0 to 16,1,0,1,8,8.0,8,0,--,--,--,--,--,--,--,469,ten,1.3,4500,24.0,"Philaldelphia , PA",8/22/1995,Florida International,Active,Tennessee Titans,3rd season,75.0,West Port HS,"Ocala, FL",81.0,248.0,
6,danarnold/2559385,"Arnold, Dan",TE,2019,Regular Season,7,10/20,Away,CHI,W,36 to 25,1,0,0,0,--,--,0,--,--,--,--,--,--,--,562,nor,0.0,4000,24.0,"Milwaukee , WI",3/15/1995,Wis.-Platteville,Active,New Orleans Saints,3rd season,78.0,Stanley HS,"Fargo, ND",85.0,220.0,
7,evanengram/2557858,"Engram, Evan",TE,2019,Regular Season,1,09/08,Away,DAL,L,17 to 35,1,0,11,116,10.5,22,1,--,--,--,--,--,--,--,0,nyg,23.1,6400,25.0,"Smyrna , GA",9/2/1994,Mississippi,Active,New York Giants,3rd season,75.0,Hillgrove HS,"Powder Springs, GA",88.0,240.0,
8,evanengram/2557858,"Engram, Evan",TE,2019,Regular Season,8,10/27,Away,DET,L,26 to 31,1,1,4,40,10.0,18,1,--,--,--,--,--,--,--,582,nyg,12.0,6300,25.0,"Smyrna , GA",9/2/1994,Mississippi,Active,New York Giants,3rd season,75.0,Hillgrove HS,"Powder Springs, GA",88.0,240.0,
9,loganthomas/2543767,"Thomas, Logan",TE,2019,Regular Season,1,09/08,Away,ARI,T,27 to 27,1,0,--,--,--,--,--,--,--,--,--,--,--,--,59,det,0.0,4000,28.0,"Lynchburg , VA",7/1/1991,Virginia Tech,Active,Detroit Lions,5th season,78.0,Brookville HS,"Lynchburg, VA",82.0,250.0,
10,loganthomas/2543767,"Thomas, Logan",TE,2019,Regular Season,3,09/22,Away,PHI,W,27 to 24,1,0,1,15,15.0,15,0,--,--,--,--,--,--,--,211,det,2.0,4000,28.0,"Lynchburg , VA",7/1/1991,Virginia Tech,Active,Detroit Lions,5th season,78.0,Brookville HS,"Lynchburg, VA",82.0,250.0,
11,geoffswaim/2553454,"Swaim, Geoff",TE,2019,Regular Season,2,09/15,Away,HOU,L,12 to 13,1,0,3,14,4.7,9,0,--,--,--,--,--,--,--,118,jac,2.9,4500,26.0,"Chico , CA",9/16/1993,Texas,Injured reserve,Jacksonville Jaguars,5th season,76.0,Pleasant Valley HS,"Chico, CA",87.0,260.0,
12,geoffswaim/2553454,"Swaim, Geoff",TE,2019,Regular Season,4,09/29,Away,DEN,W,26 to 24,1,1,3,17,5.7,9,0,--,--,--,--,--,--,--,298,jac,3.2,4500,26.0,"Chico , CA",9/16/1993,Texas,Injured reserve,Jacksonville Jaguars,5th season,76.0,Pleasant Valley HS,"Chico, CA",87.0,260.0,
13,geoffswaim/2553454,"Swaim, Geoff",TE,2019,Regular Season,5,10/06,Away,CAR,L,27 to 34,1,0,1,4,4.0,4,0,--,--,--,--,--,--,--,392,jac,0.9,4500,26.0,"Chico , CA",9/16/1993,Texas,Injured reserve,Jacksonville Jaguars,5th season,76.0,Pleasant Valley HS,"Chico, CA",87.0,260.0,
14,rhettellison/2532835,"Ellison, Rhett",TE,2019,Regular Season,1,09/08,Away,DAL,L,17 to 35,1,1,1,8,8.0,8,0,--,--,--,--,--,--,--,43,nyg,1.3,4000,31.0,"Foster City , CA",10/3/1988,USC,Active,New York Giants,8th season,77.0,St. Francis HS,"Mountain View, CA",85.0,255.0,
15,rhettellison/2532835,"Ellison, Rhett",TE,2019,Regular Season,8,10/27,Away,DET,L,26 to 31,1,0,1,-1,-1.0,-1,0,--,--,--,--,--,--,--,628,nyg,0.4,5000,31.0,"Foster City , CA",10/3/1988,USC,Active,New York Giants,8th season,77.0,St. Francis HS,"Mountain View, CA",85.0,255.0,
16,darrenfells/2540928,"Fells, Darren",TE,2019,Regular Season,3,09/22,Away,LAC,W,27 to 20,1,1,5,49,9.8,16T,1,--,--,--,--,--,--,--,182,hou,13.4,4000,33.0,"Fullerton , CA",4/22/1986,California-Irvine,Active,Houston Texans,6th season,79.0,Fullerton HS,CA,87.0,270.0,
17,darrenfells/2540928,"Fells, Darren",TE,2019,Regular Season,7,10/20,Away,IND,L,23 to 30,1,1,2,27,13.5,19,0,--,--,--,--,--,--,--,524,hou,3.7,5400,33.0,"Fullerton , CA",4/22/1986,California-Irvine,Active,Houston Texans,6th season,79.0,Fullerton HS,CA,87.0,270.0,
18,zachertz/2540158,"Ertz, Zach",TE,2019,Regular Season,2,09/15,Away,ATL,L,20 to 24,1,1,8,72,9.0,16,0,--,--,--,--,--,--,--,93,phi,13.2,6900,29.0,"Orange , CA",11/10/1990,Stanford,Active,Philadelphia Eagles,7th season,77.0,Monte Vista HS,"Danville, CA",86.0,250.0,
19,zachertz/2540158,"Ertz, Zach",TE,2019,Regular Season,6,10/13,Away,MIN,L,20 to 38,1,1,4,54,13.5,20,0,--,--,--,--,--,1,1,444,phi,5.4,6600,29.0,"Orange , CA",11/10/1990,Stanford,Active,Philadelphia Eagles,7th season,77.0,Monte Vista HS,"Danville, CA",86.0,250.0,
20,zachertz/2540158,"Ertz, Zach",TE,2019,Regular Season,7,10/20,Away,DAL,L,10 to 37,1,1,2,38,19.0,24,0,--,--,--,--,--,--,--,522,phi,4.8,6300,29.0,"Orange , CA",11/10/1990,Stanford,Active,Philadelphia Eagles,7th season,77.0,Monte Vista HS,"Danville, CA",86.0,250.0,
21,zachertz/2540158,"Ertz, Zach",TE,2019,Regular Season,8,10/27,Away,BUF,W,31 to 13,1,1,2,20,10.0,18,0,--,--,--,--,--,--,--,603,phi,3.0,6300,29.0,"Orange , CA",11/10/1990,Stanford,Active,Philadelphia Eagles,7th season,77.0,Monte Vista HS,"Danville, CA",86.0,250.0,
22,jordanakins/2560951,"Akins, Jordan",TE,2019,Regular Season,3,09/22,Away,LAC,W,27 to 20,1,0,3,73,24.3,53T,2,--,--,--,--,--,--,--,177,hou,20.8,4100,27.0,"Locust Grove , GA",4/19/1992,Central Florida,Active,Houston Texans,2nd season,76.0,Union Grove HS,"McDonough, GA",88.0,243.0,
23,jordanakins/2560951,"Akins, Jordan",TE,2019,Regular Season,7,10/20,Away,IND,L,23 to 30,1,1,2,17,8.5,11,0,--,--,--,--,--,--,--,531,hou,2.7,4600,27.0,"Locust Grove , GA",4/19/1992,Central Florida,Active,Houston Texans,2nd season,76.0,Union Grove HS,"McDonough, GA",88.0,243.0,
24,traviskelce/2540258,"Kelce, Travis",TE,2019,Regular Season,2,09/15,Away,OAK,W,28 to 10,1,1,7,107,15.3,34,1,--,--,--,--,--,--,--,89,kan,20.2,8000,30.0,"Westlake , OH",10/5/1989,Cincinnati,Active,Kansas City Chiefs,7th season,77.0,Cleveland Heights HS,OH,87.0,260.0,
25,traviskelce/2540258,"Kelce, Travis",TE,2019,Regular Season,4,09/29,Away,DET,W,34 to 30,1,1,7,85,12.1,18,0,--,--,--,--,--,--,--,269,kan,12.0,7600,30.0,"Westlake , OH",10/5/1989,Cincinnati,Active,Kansas City Chiefs,7th season,77.0,Cleveland Heights HS,OH,87.0,260.0,
26,traviskelce/2540258,"Kelce, Travis",TE,2019,Regular Season,7,10/17,Away,DEN,W,30 to 6,1,1,6,44,7.3,13,0,--,--,--,--,--,--,--,515,kan,7.4,7200,30.0,"Westlake , OH",10/5/1989,Cincinnati,Active,Kansas City Chiefs,7th season,77.0,Cleveland Heights HS,OH,87.0,260.0,
27,seanculkin/2559161,"Culkin, Sean",TE,2019,Regular Season,2,09/15,Away,DET,L,10 to 13,1,1,--,--,--,--,--,--,--,--,--,--,--,--,168,lac,0.0,4000,26.0,"Clearwater Beach , FL",6/11/1993,Missouri,Injured reserve,Los Angeles Chargers,3rd season,77.0,Indian Rocks Christian School HS,"Largo, FL",80.0,255.0,
28,seanculkin/2559161,"Culkin, Sean",TE,2019,Regular Season,4,09/29,Away,MIA,W,30 to 10,1,1,1,12,12.0,12,0,--,--,--,--,--,--,--,307,lac,1.7,4000,26.0,"Clearwater Beach , FL",6/11/1993,Missouri,Injured reserve,Los Angeles Chargers,3rd season,77.0,Indian Rocks Christian School HS,"Largo, FL",80.0,255.0,
29,adamshaheen/2558144,"Shaheen, Adam",TE,2019,Regular Season,2,09/15,Away,DEN,W,16 to 14,1,0,3,24,8.0,9,0,--,--,--,--,--,--,--,109,chi,3.9,4000,25.0,"Lexington , KY",10/24/1994,Ashland,Active,Chicago Bears,3rd season,78.0,Big Walnut HS,"Sunbury, OH",87.0,257.0,
30,adamshaheen/2558144,"Shaheen, Adam",TE,2019,Regular Season,3,09/23,Away,WAS,W,31 to 15,1,0,1,7,7.0,7,0,--,--,--,--,--,--,--,221,chi,1.2,4500,25.0,"Lexington , KY",10/24/1994,Ashland,Active,Chicago Bears,3rd season,78.0,Big Walnut HS,"Sunbury, OH",87.0,257.0,
31,adamshaheen/2558144,"Shaheen, Adam",TE,2019,Regular Season,5,10/06,Away,OAK,L,21 to 24,1,0,--,--,--,--,--,--,--,--,--,--,--,--,404,chi,0.0,4300,25.0,"Lexington , KY",10/24/1994,Ashland,Active,Chicago Bears,3rd season,78.0,Big Walnut HS,"Sunbury, OH",87.0,257.0,
32,sethdevalve/2556365,"DeValve, Seth",TE,2019,Regular Season,2,09/15,Away,HOU,L,12 to 13,1,0,--,--,--,--,--,--,--,--,--,--,--,--,162,jac,0.0,4000,26.0,"Manchester , CT",1/29/1993,Princeton,Active,Jacksonville Jaguars,4th season,75.0,Manchester HS,CT,88.0,245.0,
33,sethdevalve/2556365,"DeValve, Seth",TE,2019,Regular Season,4,09/29,Away,DEN,W,26 to 24,1,1,--,--,--,--,--,--,--,--,--,--,--,--,335,jac,0.0,4000,26.0,"Manchester , CT",1/29/1993,Princeton,Active,Jacksonville Jaguars,4th season,75.0,Manchester HS,CT,88.0,245.0,
34,sethdevalve/2556365,"DeValve, Seth",TE,2019,Regular Season,5,10/06,Away,CAR,L,27 to 34,1,0,--,--,--,--,--,--,--,--,--,--,--,--,412,jac,0.0,4000,26.0,"Manchester , CT",1/29/1993,Princeton,Active,Jacksonville Jaguars,4th season,75.0,Manchester HS,CT,88.0,245.0,
35,sethdevalve/2556365,"DeValve, Seth",TE,2019,Regular Season,7,10/20,Away,CIN,W,27 to 17,1,1,0,0,--,--,0,--,--,--,--,--,--,--,564,jac,0.0,4000,26.0,"Manchester , CT",1/29/1993,Princeton,Active,Jacksonville Jaguars,4th season,75.0,Manchester HS,CT,88.0,245.0,
36,georgekittle/2558266,"Kittle, George",TE,2019,Regular Season,2,09/15,Away,CIN,W,41 to 17,1,1,3,54,18.0,36,0,--,--,--,--,--,--,--,99,sfo,6.9,7100,26.0,"Madison , WI",10/9/1993,Iowa,Active,San Francisco 49ers,3rd season,76.0,Norman HS,OK,85.0,250.0,
37,georgekittle/2558266,"Kittle, George",TE,2019,Regular Season,7,10/20,Away,WAS,W,9 to 0,1,1,3,38,12.7,16,0,2,0,0.0,2,0,--,--,519,sfo,5.3,7100,26.0,"Madison , WI",10/9/1993,Iowa,Active,San Francisco 49ers,3rd season,76.0,Norman HS,OK,85.0,250.0,
38,jeromecunningham/2551359,"Cunningham, Jerome",TE,2019,Regular Season,6,10/13,Away,MIA,W,17 to 16,1,1,--,--,--,--,--,--,--,--,--,--,--,--,480,was,0.0,4000,28.0,"Waterbury , CT",5/25/1991,Southern Connecticut State,Injured reserve,Washington Redskins,2nd season,75.0,Crosby HS,"Waterbury, CT",83.0,250.0,
39,leesmith/2495347,"Smith, Lee",TE,2019,Regular Season,1,09/08,Away,NYJ,W,17 to 16,1,1,--,--,--,--,--,--,--,--,--,--,--,--,74,buf,0.0,4000,31.0,"Powell , TN",11/21/1987,Marshall,Active,Buffalo Bills,9th season,78.0,Powell HS,TN,85.0,265.0,
40,leesmith/2495347,"Smith, Lee",TE,2019,Regular Season,2,09/15,Away,NYG,W,28 to 14,1,1,1,8,8.0,8,0,--,--,--,--,--,--,--,133,buf,1.3,4000,31.0,"Powell , TN",11/21/1987,Marshall,Active,Buffalo Bills,9th season,78.0,Powell HS,TN,85.0,265.0,
41,leesmith/2495347,"Smith, Lee",TE,2019,Regular Season,5,10/06,Away,TEN,W,14 to 7,1,0,1,8,8.0,8T,1,--,--,--,--,--,--,--,354,buf,7.3,4000,31.0,"Powell , TN",11/21/1987,Marshall,Active,Buffalo Bills,9th season,78.0,Powell HS,TN,85.0,265.0,
42,virgilgreen/2495288,"Green, Virgil",TE,2019,Regular Season,2,09/15,Away,DET,L,10 to 13,1,1,1,9,9.0,9,0,--,--,--,--,--,--,--,131,lac,1.4,4000,31.0,"San Bernardino , CA",8/3/1988,Nevada,Active,Los Angeles Chargers,9th season,77.0,Tulare HS,CA,88.0,255.0,
43,virgilgreen/2495288,"Green, Virgil",TE,2019,Regular Season,7,10/20,Away,TEN,L,20 to 23,1,0,1,9,9.0,9,0,--,--,--,--,--,--,--,538,lac,1.4,4000,31.0,"San Bernardino , CA",8/3/1988,Nevada,Active,Los Angeles Chargers,9th season,77.0,Tulare HS,CA,88.0,255.0,
44,virgilgreen/2495288,"Green, Virgil",TE,2019,Regular Season,8,10/27,Away,CHI,W,17 to 16,1,0,1,10,10.0,10,0,--,--,--,--,--,--,--,621,lac,1.5,4000,31.0,"San Bernardino , CA",8/3/1988,Nevada,Active,Los Angeles Chargers,9th season,77.0,Tulare HS,CA,88.0,255.0,
45,jeffheuerman/2552399,"Heuerman, Jeff",TE,2019,Regular Season,1,09/09,Away,OAK,L,16 to 24,1,1,--,--,--,--,--,--,--,--,--,--,--,--,72,den,0.0,4200,26.0,"Naples , FL",11/24/1992,Ohio State,Active,Denver Broncos,5th season,77.0,Barron G. Collier HS,"Naples, FL",82.0,255.0,
46,jeffheuerman/2552399,"Heuerman, Jeff",TE,2019,Regular Season,5,10/06,Away,LAC,W,20 to 13,1,1,1,26,26.0,26,0,--,--,--,--,--,--,--,370,den,3.1,4500,26.0,"Naples , FL",11/24/1992,Ohio State,Active,Denver Broncos,5th season,77.0,Barron G. Collier HS,"Naples, FL",82.0,255.0,
47,jeffheuerman/2552399,"Heuerman, Jeff",TE,2019,Regular Season,8,10/27,Away,IND,L,13 to 15,1,1,1,11,11.0,11,0,--,--,--,--,--,--,--,618,den,1.6,4300,26.0,"Naples , FL",11/24/1992,Ohio State,Active,Denver Broncos,5th season,77.0,Barron G. Collier HS,"Naples, FL",82.0,255.0,
48,demetriusharris/2541187,"Harris, Demetrius",TE,2019,Regular Season,2,09/16,Away,NYJ,W,23 to 3,1,0,1,4,4.0,4,0,--,--,--,--,--,--,--,139,cle,0.9,4000,28.0,"Carrollton , TX",7/29/1991,Wis.-Milwaukee,Active,Cleveland Browns,6th season,79.0,Jacksonville HS,AR,88.0,230.0,
49,demetriusharris/2541187,"Harris, Demetrius",TE,2019,Regular Season,4,09/29,Away,BAL,W,40 to 25,1,0,--,--,--,--,--,--,--,--,--,--,--,--,328,cle,0.0,4500,28.0,"Carrollton , TX",7/29/1991,Wis.-Milwaukee,Active,Cleveland Browns,6th season,79.0,Jacksonville HS,AR,88.0,230.0,
50,willdissly/2561046,"Dissly, Will",TE,2019,Regular Season,2,09/15,Away,PIT,W,28 to 26,1,1,5,50,10.0,14T,2,--,--,--,--,--,--,--,90,sea,19.5,4500,23.0,"Bozeman , MT",7/8/1996,Washington,Injured reserve,Seattle Seahawks,2nd season,76.0,Bozeman HS,MT,88.0,265.0,
51,willdissly/2561046,"Dissly, Will",TE,2019,Regular Season,4,09/29,Away,ARI,W,27 to 10,1,1,7,57,8.1,17,1,--,--,--,--,--,1,0,266,sea,15.2,5400,23.0,"Bozeman , MT",7/8/1996,Washington,Injured reserve,Seattle Seahawks,2nd season,76.0,Bozeman HS,MT,88.0,265.0,
52,willdissly/2561046,"Dissly, Will",TE,2019,Regular Season,6,10/13,Away,CLE,W,32 to 28,1,1,0,0,--,--,0,--,--,--,--,--,--,--,492,sea,0.0,6000,23.0,"Bozeman , MT",7/8/1996,Washington,Injured reserve,Seattle Seahawks,2nd season,76.0,Bozeman HS,MT,88.0,265.0,
53,tylereifert/2540148,"Eifert, Tyler",TE,2019,Regular Season,1,09/08,Away,SEA,L,20 to 21,1,0,5,27,5.4,7,0,--,--,--,--,--,--,--,19,cin,5.2,5200,29.0,"Fort Wayne , IN",9/8/1990,Notre Dame,Active,Cincinnati Bengals,7th season,78.0,Bishop Dwenger HS,"Fort Wayne, IN",85.0,255.0,
54,tylereifert/2540148,"Eifert, Tyler",TE,2019,Regular Season,3,09/22,Away,BUF,L,17 to 21,1,0,1,18,18.0,18,0,--,--,--,--,--,--,--,210,cin,2.3,4900,29.0,"Fort Wayne , IN",9/8/1990,Notre Dame,Active,Cincinnati Bengals,7th season,78.0,Bishop Dwenger HS,"Fort Wayne, IN",85.0,255.0,
55,tylereifert/2540148,"Eifert, Tyler",TE,2019,Regular Season,4,09/30,Away,PIT,L,3 to 27,1,0,2,27,13.5,14,0,--,--,--,--,--,--,--,294,cin,3.7,4600,29.0,"Fort Wayne , IN",9/8/1990,Notre Dame,Active,Cincinnati Bengals,7th season,78.0,Bishop Dwenger HS,"Fort Wayne, IN",85.0,255.0,
56,tylereifert/2540148,"Eifert, Tyler",TE,2019,Regular Season,6,10/13,Away,BAL,L,17 to 23,1,0,2,13,6.5,7,0,--,--,--,--,--,--,--,460,cin,2.3,4500,29.0,"Fort Wayne , IN",9/8/1990,Notre Dame,Active,Cincinnati Bengals,7th season,78.0,Bishop Dwenger HS,"Fort Wayne, IN",85.0,255.0,
57,ryangriffin/2541316,"Griffin, Ryan",TE,2019,Regular Season,5,10/06,Away,PHI,L,6 to 31,1,1,1,2,2.0,2,0,--,--,--,--,--,--,--,394,nyj,0.7,4000,29.0,"Londonderry , NH",1/11/1990,Connecticut,Active,New York Jets,7th season,78.0,Londonderry HS,NH,84.0,255.0,
58,delaniewalker/2495966,"Walker, Delanie",TE,2019,Regular Season,1,09/08,Away,CLE,W,43 to 13,1,1,5,55,11.0,16,2,--,--,--,--,--,--,--,3,ten,20.0,5400,35.0,"Pomona , CA",8/12/1984,Central Missouri State,Active,Tennessee Titans,14th season,74.0,Pomona HS,CA,82.0,248.0,
59,delaniewalker/2495966,"Walker, Delanie",TE,2019,Regular Season,4,09/29,Away,ATL,W,24 to 10,1,0,1,4,4.0,4,0,--,--,--,--,--,1,0,316,ten,0.9,5700,35.0,"Pomona , CA",8/12/1984,Central Missouri State,Active,Tennessee Titans,14th season,74.0,Pomona HS,CA,82.0,248.0,
60,delaniewalker/2495966,"Walker, Delanie",TE,2019,Regular Season,6,10/13,Away,DEN,L,0 to 16,1,1,3,43,14.3,18,0,--,--,--,--,--,--,--,442,ten,5.8,5200,35.0,"Pomona , CA",8/12/1984,Central Missouri State,Active,Tennessee Titans,14th season,74.0,Pomona HS,CA,82.0,248.0,
61,charlesclay/2495139,"Clay, Charles",TE,2019,Regular Season,2,09/15,Away,BAL,L,17 to 23,1,0,1,6,6.0,6,0,--,--,--,--,--,--,--,137,ari,1.1,4200,30.0,"Little Rock , AR",2/13/1989,Tulsa,Active,Arizona Cardinals,9th season,75.0,Little Rock Central HS,AR,85.0,246.0,
62,charlesclay/2495139,"Clay, Charles",TE,2019,Regular Season,5,10/06,Away,CIN,W,26 to 23,1,1,1,27,27.0,27,0,--,--,--,--,--,--,--,367,ari,3.2,4200,30.0,"Little Rock , AR",2/13/1989,Tulsa,Active,Arizona Cardinals,9th season,75.0,Little Rock Central HS,AR,85.0,246.0,
63,charlesclay/2495139,"Clay, Charles",TE,2019,Regular Season,7,10/20,Away,NYG,W,27 to 21,1,1,1,12,12.0,12,0,--,--,--,--,--,--,--,536,ari,1.7,4500,30.0,"Little Rock , AR",2/13/1989,Tulsa,Active,Arizona Cardinals,9th season,75.0,Little Rock Central HS,AR,85.0,246.0,
64,blakejarwin/2559193,"Jarwin, Blake",TE,2019,Regular Season,2,09/15,Away,WAS,W,31 to 21,1,0,1,22,22.0,22,0,--,--,--,--,--,--,--,120,dal,2.7,4500,25.0,"Oklahoma City , OK",7/16/1994,Oklahoma State,Active,Dallas Cowboys,3rd season,77.0,Tuttle HS,OK,89.0,260.0,
65,blakejarwin/2559193,"Jarwin, Blake",TE,2019,Regular Season,6,10/13,Away,NYJ,L,22 to 24,1,1,2,6,3.0,5,0,--,--,--,--,--,--,--,466,dal,1.6,4500,25.0,"Oklahoma City , OK",7/16/1994,Oklahoma State,Active,Dallas Cowboys,3rd season,77.0,Tuttle HS,OK,89.0,260.0,
66,j.p.holtz/2556852,"Holtz, J.P.",TE,2019,Regular Season,5,10/06,Away,OAK,L,21 to 24,1,0,1,16,16.0,16,0,--,--,--,--,--,--,--,379,chi,2.1,0,26.0,"Pittsburgh , PA",8/28/1993,Pittsburgh,Active,Chicago Bears,1st season,75.0,Shaler Area HS,"Pittsburgh, PA",81.0,255.0,
67,darrenwaller/2552408,"Waller, Darren",TE,2019,Regular Season,3,09/22,Away,MIN,L,14 to 34,1,1,13,134,10.3,30,0,1,7,7.0,7,0,--,--,178,oak,20.6,5900,27.0,"Landover , MD",9/13/1992,Georgia Tech,Active,Oakland Raiders,3rd season,78.0,North Cobb HS,"Acworth, GA",83.0,255.0,
68,darrenwaller/2552408,"Waller, Darren",TE,2019,Regular Season,4,09/29,Away,IND,W,31 to 24,1,1,7,53,7.6,17,0,--,--,--,--,--,--,--,278,oak,8.8,6700,27.0,"Landover , MD",9/13/1992,Georgia Tech,Active,Oakland Raiders,3rd season,78.0,North Cobb HS,"Acworth, GA",83.0,255.0,
69,darrenwaller/2552408,"Waller, Darren",TE,2019,Regular Season,8,10/27,Away,HOU,L,24 to 27,1,1,2,11,5.5,8T,1,--,--,--,--,--,--,--,589,oak,8.1,6800,27.0,"Landover , MD",9/13/1992,Georgia Tech,Active,Oakland Raiders,3rd season,78.0,North Cobb HS,"Acworth, GA",83.0,255.0,
70,vernondavis/2495826,"Davis, Vernon",TE,2019,Regular Season,1,09/08,Away,PHI,L,27 to 32,1,0,4,59,14.8,48T,1,--,--,--,--,--,--,--,4,was,13.9,4000,35.0,"Washington , DC",1/31/1984,Maryland,Active,Washington Redskins,14th season,75.0,Dunbar HS,"Washington, DC",85.0,248.0,
71,vernondavis/2495826,"Davis, Vernon",TE,2019,Regular Season,4,09/29,Away,NYG,L,3 to 24,1,0,1,5,5.0,5,0,--,--,--,--,--,--,--,314,was,1.0,5100,35.0,"Washington , DC",1/31/1984,Maryland,Active,Washington Redskins,14th season,75.0,Dunbar HS,"Washington, DC",85.0,248.0,
72,dallasgoedert/2560995,"Goedert, Dallas",TE,2019,Regular Season,6,10/13,Away,MIN,L,20 to 38,1,1,5,48,9.6,13,0,--,--,--,--,--,--,--,438,phi,7.3,4500,24.0,"Havana , ND",1/3/1995,South Dakota State,Active,Philadelphia Eagles,2nd season,77.0,Britton-Hecla HS,"Britton, SD",88.0,256.0,
73,dallasgoedert/2560995,"Goedert, Dallas",TE,2019,Regular Season,7,10/20,Away,DAL,L,10 to 37,1,1,4,69,17.3,28T,1,--,--,--,--,--,1,1,507,phi,12.9,4800,24.0,"Havana , ND",1/3/1995,South Dakota State,Active,Philadelphia Eagles,2nd season,77.0,Britton-Hecla HS,"Britton, SD",88.0,256.0,
74,dallasgoedert/2560995,"Goedert, Dallas",TE,2019,Regular Season,8,10/27,Away,BUF,W,31 to 13,1,0,3,22,7.3,10,1,--,--,--,--,--,--,--,587,phi,9.7,4800,24.0,"Havana , ND",1/3/1995,South Dakota State,Active,Philadelphia Eagles,2nd season,77.0,Britton-Hecla HS,"Britton, SD",88.0,256.0,
75,mycolepruitt/2552401,"Pruitt, MyCole",TE,2019,Regular Season,1,09/08,Away,CLE,W,43 to 13,1,0,0,0,--,--,0,--,--,--,--,--,--,--,77,ten,0.0,4000,27.0,"South Bend , IN",3/24/1992,Southern Illinois,Active,Tennessee Titans,4th season,74.0,Kirkwood HS,MO,85.0,245.0,
76,mycolepruitt/2552401,"Pruitt, MyCole",TE,2019,Regular Season,4,09/29,Away,ATL,W,24 to 10,1,0,--,--,--,--,--,--,--,--,--,--,--,--,337,ten,0.0,4000,27.0,"South Bend , IN",3/24/1992,Southern Illinois,Active,Tennessee Titans,4th season,74.0,Kirkwood HS,MO,85.0,245.0,
77,mycolepruitt/2552401,"Pruitt, MyCole",TE,2019,Regular Season,6,10/13,Away,DEN,L,0 to 16,1,1,--,--,--,--,--,--,--,--,--,--,--,--,491,ten,0.0,4000,27.0,"South Bend , IN",3/24/1992,Southern Illinois,Active,Tennessee Titans,4th season,74.0,Kirkwood HS,MO,85.0,245.0,
78,ericebron/2543466,"Ebron, Eric",TE,2019,Regular Season,1,09/08,Away,LAC,L,24 to 30,1,0,1,8,8.0,8,0,--,--,--,--,--,--,--,44,ind,1.3,5900,26.0,"Newark , NJ",4/10/1993,North Carolina,Active,Indianapolis Colts,6th season,76.0,Ben L. Smith HS,"Greensboro, NC",85.0,253.0,
79,ericebron/2543466,"Ebron, Eric",TE,2019,Regular Season,2,09/15,Away,TEN,W,19 to 17,1,0,3,25,8.3,13,1,--,--,--,--,--,--,--,95,ind,10.0,5700,26.0,"Newark , NJ",4/10/1993,North Carolina,Active,Indianapolis Colts,6th season,76.0,Ben L. Smith HS,"Greensboro, NC",85.0,253.0,
80,rossdwelley/2561060,"Dwelley, Ross",TE,2019,Regular Season,2,09/15,Away,CIN,W,41 to 17,1,0,--,--,--,--,--,--,--,--,--,--,--,--,174,sfo,0.0,4000,24.0,"Sonora , CA",1/26/1995,San Diego,Active,San Francisco 49ers,2nd season,77.0,Oak Ridge HS,"El Dorado Hills, CA",82.0,235.0,
81,rossdwelley/2561060,"Dwelley, Ross",TE,2019,Regular Season,7,10/20,Away,WAS,W,9 to 0,1,1,1,2,2.0,2,0,--,--,--,--,--,--,--,547,sfo,0.7,4000,24.0,"Sonora , CA",1/26/1995,San Diego,Active,San Francisco 49ers,2nd season,77.0,Oak Ridge HS,"El Dorado Hills, CA",82.0,235.0,
82,jackdoyle/2540232,"Doyle, Jack",TE,2019,Regular Season,1,09/08,Away,LAC,L,24 to 30,1,1,1,20,20.0,20,0,--,--,--,--,--,--,--,33,ind,2.5,5400,29.0,"Indianapolis , IN",5/5/1990,Western Kentucky,Active,Indianapolis Colts,7th season,78.0,Cathedral HS,"Indianapolis, IN",84.0,262.0,
83,jackdoyle/2540232,"Doyle, Jack",TE,2019,Regular Season,2,09/15,Away,TEN,W,19 to 17,1,1,2,21,10.5,13,0,--,--,--,--,--,--,--,117,ind,3.1,5400,29.0,"Indianapolis , IN",5/5/1990,Western Kentucky,Active,Indianapolis Colts,7th season,78.0,Cathedral HS,"Indianapolis, IN",84.0,262.0,
84,cameronbrate/2550656,"Brate, Cameron",TE,2019,Regular Season,2,09/12,Away,CAR,W,20 to 14,1,0,2,10,5.0,5,0,--,--,--,--,--,--,--,124,tam,2.0,4800,28.0,"Naperville , IL",7/3/1991,Harvard,Active,Tampa Bay Buccaneers,5th season,77.0,Naperville Central HS,IL,84.0,245.0,
85,cameronbrate/2550656,"Brate, Cameron",TE,2019,Regular Season,8,10/27,Away,TEN,L,23 to 27,1,1,3,32,10.7,12,0,--,--,--,--,--,--,--,594,tam,4.7,5200,28.0,"Naperville , IL",7/3/1991,Harvard,Active,Tampa Bay Buccaneers,5th season,77.0,Naperville Central HS,IL,84.0,245.0,
86,mattlacosse/2553667,"LaCosse, Matt",TE,2019,Regular Season,2,09/15,Away,MIA,W,43 to 0,1,1,2,33,16.5,23,0,--,--,--,--,--,--,--,107,nwe,4.3,4500,27.0,"Westmont , IL",9/21/1992,Illinois,Active,New England Patriots,4th season,78.0,Naperville North HS,IL,83.0,255.0,
87,mattlacosse/2553667,"LaCosse, Matt",TE,2019,Regular Season,4,09/29,Away,BUF,W,16 to 10,1,0,--,--,--,--,--,--,--,--,--,--,--,--,334,nwe,0.0,4000,27.0,"Westmont , IL",9/21/1992,Illinois,Active,New England Patriots,4th season,78.0,Naperville North HS,IL,83.0,255.0,
88,mattlacosse/2553667,"LaCosse, Matt",TE,2019,Regular Season,5,10/06,Away,WAS,W,33 to 7,1,1,1,22,22.0,22,0,--,--,--,--,--,--,--,374,nwe,2.7,4000,27.0,"Westmont , IL",9/21/1992,Illinois,Active,New England Patriots,4th season,78.0,Naperville North HS,IL,83.0,255.0,
89,pharaohbrown/2559018,"Brown, Pharaoh",TE,2019,Regular Season,2,09/16,Away,NYJ,W,23 to 3,1,0,0,0,--,--,0,--,--,--,--,--,--,--,155,cle,0.0,4000,25.0,"East Cleveland , OH",5/4/1994,Oregon,Active,Cleveland Browns,2nd season,78.0,Brush HS,"Lyndhurst, OH",86.0,258.0,
90,pharaohbrown/2559018,"Brown, Pharaoh",TE,2019,Regular Season,4,09/29,Away,BAL,W,40 to 25,1,1,1,18,18.0,18,0,--,--,--,--,--,--,--,304,cle,2.3,4000,25.0,"East Cleveland , OH",5/4/1994,Oregon,Active,Cleveland Browns,2nd season,78.0,Brush HS,"Lyndhurst, OH",86.0,258.0,
91,nickvannett/2555289,"Vannett, Nick",TE,2019,Regular Season,2,09/15,Away,PIT,W,28 to 26,1,0,1,13,13.0,13,0,--,--,--,--,--,--,--,126,sea,1.8,4800,26.0,"Westerville , OH",3/6/1993,Ohio State,Active,Pittsburgh Steelers,4th season,78.0,Westerville Central HS,OH,88.0,261.0,
92,nickvannett/2555289,"Vannett, Nick",TE,2019,Regular Season,6,10/13,Away,LAC,W,24 to 17,1,0,1,5,5.0,5,0,--,--,--,--,--,--,--,474,pit,1.0,4500,26.0,"Westerville , OH",3/6/1993,Ohio State,Active,Pittsburgh Steelers,4th season,78.0,Westerville Central HS,OH,88.0,261.0,
93,darrelldaniels/2558886,"Daniels, Darrell",TE,2019,Regular Season,5,10/06,Away,CIN,W,26 to 23,1,0,--,--,--,--,--,--,--,--,--,--,--,--,416,ari,0.0,4000,24.0,"Oakley , CA",11/22/1994,Washington,Active,Arizona Cardinals,3rd season,75.0,Freedom HS,"Oakley, CA",81.0,256.0,
94,darrelldaniels/2558886,"Daniels, Darrell",TE,2019,Regular Season,7,10/20,Away,NYG,W,27 to 21,1,0,--,--,--,--,--,--,--,--,--,--,--,--,570,ari,0.0,4000,24.0,"Oakley , CA",11/22/1994,Washington,Active,Arizona Cardinals,3rd season,75.0,Freedom HS,"Oakley, CA",81.0,256.0,
95,halehentges/2563066,"Hentges, Hale",TE,2019,Regular Season,8,10/24,Away,MIN,L,9 to 19,1,1,1,13,13.0,13,0,--,--,--,--,--,--,--,615,was,1.8,4000,23.0,,8/19/1996,Alabama,Active,Washington Redskins,Rookie,76.0,,,88.0,245.0,
96,vancemcdonald/2540215,"McDonald, Vance",TE,2019,Regular Season,6,10/13,Away,LAC,W,24 to 17,1,1,1,5,5.0,5,0,--,--,--,--,--,--,--,475,pit,1.0,5300,29.0,"Beaumont , TX",6/13/1990,Rice,Active,Pittsburgh Steelers,7th season,76.0,East Chambers HS,"Winnie, TX",89.0,267.0,
97,anthonyfirkser/2558942,"Firkser, Anthony",TE,2019,Regular Season,1,09/08,Away,CLE,W,43 to 13,1,0,--,--,--,--,--,--,--,--,--,--,--,--,54,ten,0.0,4000,24.0,"Manalapan , NJ",2/19/1995,Harvard,Active,Tennessee Titans,2nd season,74.0,Manalapan HS,"Englishtown, NJ",86.0,246.0,
98,anthonyfirkser/2558942,"Firkser, Anthony",TE,2019,Regular Season,6,10/13,Away,DEN,L,0 to 16,1,0,1,25,25.0,25,0,--,--,--,--,--,--,--,454,ten,3.0,4000,24.0,"Manalapan , NJ",2/19/1995,Harvard,Active,Tennessee Titans,2nd season,74.0,Manalapan HS,"Englishtown, NJ",86.0,246.0,
99,c.j.uzomah/2552559,"Uzomah, C.J.",TE,2019,Regular Season,1,09/08,Away,SEA,L,20 to 21,1,1,4,66,16.5,36,0,--,--,--,--,--,--,--,14,cin,8.6,4300,26.0,"Washington , DC",1/14/1993,Auburn,Active,Cincinnati Bengals,5th season,78.0,North Gwinnett HS,"Suwanee, GA",87.0,260.0,
100,c.j.uzomah/2552559,"Uzomah, C.J.",TE,2019,Regular Season,3,09/22,Away,BUF,L,17 to 21,1,1,0,0,--,--,0,--,--,--,--,--,--,--,244,cin,0.0,4000,26.0,"Washington , DC",1/14/1993,Auburn,Active,Cincinnati Bengals,5th season,78.0,North Gwinnett HS,"Suwanee, GA",87.0,260.0,
101,c.j.uzomah/2552559,"Uzomah, C.J.",TE,2019,Regular Season,4,09/30,Away,PIT,L,3 to 27,1,1,0,0,--,--,0,--,--,--,--,--,--,--,330,cin,0.0,4000,26.0,"Washington , DC",1/14/1993,Auburn,Active,Cincinnati Bengals,5th season,78.0,North Gwinnett HS,"Suwanee, GA",87.0,260.0,
102,c.j.uzomah/2552559,"Uzomah, C.J.",TE,2019,Regular Season,6,10/13,Away,BAL,L,17 to 23,1,1,2,26,13.0,22,0,--,--,--,--,--,--,--,452,cin,3.6,4000,26.0,"Washington , DC",1/14/1993,Auburn,Active,Cincinnati Bengals,5th season,78.0,North Gwinnett HS,"Suwanee, GA",87.0,260.0,
103,cethancarter/2558929,"Carter, Cethan",TE,2019,Regular Season,1,09/08,Away,SEA,L,20 to 21,1,0,--,--,--,--,--,--,--,--,--,--,--,--,62,cin,0.0,4000,24.0,"Harvey , LA",9/5/1995,Nebraska,Active,Cincinnati Bengals,3rd season,75.0,Archbishop Rummel HS,"Metairie, LA",82.0,248.0,
104,cethancarter/2558929,"Carter, Cethan",TE,2019,Regular Season,3,09/22,Away,BUF,L,17 to 21,1,0,--,--,--,--,--,--,--,--,--,--,--,--,238,cin,0.0,4000,24.0,"Harvey , LA",9/5/1995,Nebraska,Active,Cincinnati Bengals,3rd season,75.0,Archbishop Rummel HS,"Metairie, LA",82.0,248.0,
105,cethancarter/2558929,"Carter, Cethan",TE,2019,Regular Season,4,09/30,Away,PIT,L,3 to 27,1,0,--,--,--,--,--,--,--,--,--,--,--,--,324,cin,0.0,4000,24.0,"Harvey , LA",9/5/1995,Nebraska,Active,Cincinnati Bengals,3rd season,75.0,Archbishop Rummel HS,"Metairie, LA",82.0,248.0,
106,cethancarter/2558929,"Carter, Cethan",TE,2019,Regular Season,6,10/13,Away,BAL,L,17 to 23,1,0,--,--,--,--,--,--,--,--,--,--,--,--,485,cin,0.0,4000,24.0,"Harvey , LA",9/5/1995,Nebraska,Active,Cincinnati Bengals,3rd season,75.0,Archbishop Rummel HS,"Metairie, LA",82.0,248.0,
107,tommysweeney/2562750,"Sweeney, Tommy",TE,2019,Regular Season,1,09/08,Away,NYJ,W,17 to 16,1,0,2,35,17.5,29,0,--,--,--,--,--,--,--,23,buf,4.5,4000,24.0,"Ramsey , NJ",7/1/1995,Boston College,Active,Buffalo Bills,Rookie,76.0,Don Bosco Prep HS,"Ramsey, NJ",89.0,251.0,
108,tommysweeney/2562750,"Sweeney, Tommy",TE,2019,Regular Season,2,09/15,Away,NYG,W,28 to 14,1,1,0,0,--,--,0,--,--,--,--,--,--,--,151,buf,0.0,4000,24.0,"Ramsey , NJ",7/1/1995,Boston College,Active,Buffalo Bills,Rookie,76.0,Don Bosco Prep HS,"Ramsey, NJ",89.0,251.0,
109,tommysweeney/2562750,"Sweeney, Tommy",TE,2019,Regular Season,5,10/06,Away,TEN,W,14 to 7,1,0,0,0,--,--,0,--,--,--,--,--,--,--,401,buf,0.0,4000,24.0,"Ramsey , NJ",7/1/1995,Boston College,Active,Buffalo Bills,Rookie,76.0,Don Bosco Prep HS,"Ramsey, NJ",89.0,251.0,
110,marcedeslewis/2495888,"Lewis, Marcedes",TE,2019,Regular Season,1,09/05,Away,CHI,W,10 to 3,1,1,2,14,7.0,9,0,--,--,--,--,--,--,--,35,gnb,2.4,4000,35.0,"Los Alamitos , CA",5/19/1984,UCLA,Active,Green Bay Packers,14th season,78.0,Long Beach Polytechnic HS,CA,89.0,267.0,
111,marcedeslewis/2495888,"Lewis, Marcedes",TE,2019,Regular Season,5,10/06,Away,DAL,W,34 to 24,1,0,2,17,8.5,15,0,--,--,--,--,--,--,--,373,gnb,2.7,4000,35.0,"Los Alamitos , CA",5/19/1984,UCLA,Active,Green Bay Packers,14th season,78.0,Long Beach Polytechnic HS,CA,89.0,267.0,
112,jaredcook/71265,"Cook, Jared",TE,2019,Regular Season,3,09/22,Away,SEA,W,33 to 27,1,1,1,7,7.0,7,0,--,--,--,--,--,--,--,222,nor,1.2,5800,32.0,"Birmingham , AL",4/7/1987,South Carolina,Active,New Orleans Saints,11th season,77.0,North Gwinnett HS,"Suwanee, GA",87.0,254.0,
113,ianthomas/2560894,"Thomas, Ian",TE,2019,Regular Season,3,09/22,Away,ARI,W,38 to 20,1,0,--,--,--,--,--,--,--,--,--,--,--,--,241,car,0.0,4000,23.0,"Baltimore , MD",6/6/1996,Indiana,Active,Carolina Panthers,2nd season,76.0,Digital Harbor HS,"Baltimore, MD",80.0,260.0,
114,ianthomas/2560894,"Thomas, Ian",TE,2019,Regular Season,4,09/29,Away,HOU,W,16 to 10,1,0,--,--,--,--,--,--,--,--,--,--,--,--,326,car,0.0,4000,23.0,"Baltimore , MD",6/6/1996,Indiana,Active,Carolina Panthers,2nd season,76.0,Digital Harbor HS,"Baltimore, MD",80.0,260.0,
115,fostermoreau/2562317,"Moreau, Foster",TE,2019,Regular Season,3,09/22,Away,MIN,L,14 to 34,1,1,1,1,1.0,1,0,--,--,--,--,--,--,--,231,oak,0.6,4000,22.0,"New Orleans , LA",5/6/1997,LSU,Active,Oakland Raiders,Rookie,76.0,Jesuit HS,"New Orleans, LA",87.0,250.0,
116,fostermoreau/2562317,"Moreau, Foster",TE,2019,Regular Season,4,09/29,Away,IND,W,31 to 24,1,0,3,30,10.0,18T,1,--,--,--,--,--,--,--,273,oak,10.5,4000,22.0,"New Orleans , LA",5/6/1997,LSU,Active,Oakland Raiders,Rookie,76.0,Jesuit HS,"New Orleans, LA",87.0,250.0,
117,fostermoreau/2562317,"Moreau, Foster",TE,2019,Regular Season,8,10/27,Away,HOU,L,24 to 27,1,1,1,10,10.0,10,0,--,--,--,--,--,--,--,620,oak,1.5,4900,22.0,"New Orleans , LA",5/6/1997,LSU,Active,Oakland Raiders,Rookie,76.0,Jesuit HS,"New Orleans, LA",87.0,250.0,
118,kylerudolph/2495438,"Rudolph, Kyle",TE,2019,Regular Season,4,09/29,Away,CHI,L,6 to 16,1,1,1,12,12.0,12,0,--,--,--,--,--,--,--,305,min,1.7,4600,30.0,"Cincinnati , OH",11/9/1989,Notre Dame,Active,Minnesota Vikings,9th season,78.0,Elder HS,"Cincinnati, OH",82.0,265.0,
119,kylerudolph/2495438,"Rudolph, Kyle",TE,2019,Regular Season,5,10/06,Away,NYG,W,28 to 10,1,1,1,4,4.0,4,0,--,--,--,--,--,--,--,391,min,0.9,4500,30.0,"Cincinnati , OH",11/9/1989,Notre Dame,Active,Minnesota Vikings,9th season,78.0,Elder HS,"Cincinnati, OH",82.0,265.0,
120,kylerudolph/2495438,"Rudolph, Kyle",TE,2019,Regular Season,7,10/20,Away,DET,W,42 to 30,1,1,5,58,11.6,15T,1,--,--,--,--,--,--,--,505,min,14.3,4500,30.0,"Cincinnati , OH",11/9/1989,Notre Dame,Active,Minnesota Vikings,9th season,78.0,Elder HS,"Cincinnati, OH",82.0,265.0,
121,maxxwilliams/2552468,"Williams, Maxx",TE,2019,Regular Season,2,09/15,Away,BAL,L,17 to 23,1,0,1,21,21.0,21,0,--,--,--,--,--,--,--,121,ari,2.6,4100,25.0,"Waconia , MN",4/12/1994,Minnesota,Active,Arizona Cardinals,5th season,76.0,Waconia HS,MN,87.0,252.0,
122,maxxwilliams/2552468,"Williams, Maxx",TE,2019,Regular Season,5,10/06,Away,CIN,W,26 to 23,1,1,1,7,7.0,7,0,--,--,--,--,--,--,--,388,ari,1.2,4000,25.0,"Waconia , MN",4/12/1994,Minnesota,Active,Arizona Cardinals,5th season,76.0,Waconia HS,MN,87.0,252.0,
123,maxxwilliams/2552468,"Williams, Maxx",TE,2019,Regular Season,7,10/20,Away,NYG,W,27 to 21,1,1,1,5,5.0,5,0,--,--,--,--,--,--,--,544,ari,1.0,4900,25.0,"Waconia , MN",4/12/1994,Minnesota,Active,Arizona Cardinals,5th season,76.0,Waconia HS,MN,87.0,252.0,
124,derekcarrier/2534241,"Carrier, Derek",TE,2019,Regular Season,3,09/22,Away,MIN,L,14 to 34,1,0,--,--,--,--,--,--,--,--,--,--,--,--,243,oak,0.0,4000,29.0,"Edgerton , WI",7/25/1990,Beloit,Active,Oakland Raiders,7th season,75.0,Edgerton HS,WI,85.0,240.0,
125,derekcarrier/2534241,"Carrier, Derek",TE,2019,Regular Season,4,09/29,Away,IND,W,31 to 24,1,0,--,--,--,--,--,--,--,--,--,--,--,--,327,oak,0.0,4000,29.0,"Edgerton , WI",7/25/1990,Beloit,Active,Oakland Raiders,7th season,75.0,Edgerton HS,WI,85.0,240.0,
126,derekcarrier/2534241,"Carrier, Derek",TE,2019,Regular Season,8,10/27,Away,HOU,L,24 to 27,1,1,--,--,--,--,--,--,--,--,--,--,--,--,641,oak,0.0,4000,29.0,"Edgerton , WI",7/25/1990,Beloit,Active,Oakland Raiders,7th season,75.0,Edgerton HS,WI,85.0,240.0,
127,chrismanhertz/2552622,"Manhertz, Chris",TE,2019,Regular Season,3,09/22,Away,ARI,W,38 to 20,1,0,--,--,--,--,--,--,--,--,--,--,--,--,235,car,0.0,4000,27.0,"New York , NY",4/10/1992,Canisius,Active,Carolina Panthers,4th season,78.0,Cardinal Spellman HS,"Bronx, NY",82.0,255.0,
128,chrismanhertz/2552622,"Manhertz, Chris",TE,2019,Regular Season,4,09/29,Away,HOU,W,16 to 10,1,1,--,--,--,--,--,--,--,--,--,--,--,--,318,car,0.0,4000,27.0,"New York , NY",4/10/1992,Canisius,Active,Carolina Panthers,4th season,78.0,Cardinal Spellman HS,"Bronx, NY",82.0,255.0,
129,drewsample/2562720,"Sample, Drew",TE,2019,Regular Season,1,09/08,Away,SEA,L,20 to 21,1,0,--,--,--,--,--,--,--,--,--,--,--,--,70,cin,0.0,4000,23.0,"Bellevue , WA",4/16/1996,Washington,Active,Cincinnati Bengals,Rookie,77.0,Newport HS,"Bellevue, WA",89.0,258.0,
130,drewsample/2562720,"Sample, Drew",TE,2019,Regular Season,3,09/22,Away,BUF,L,17 to 21,1,0,--,--,--,--,--,--,--,--,--,--,--,--,245,cin,0.0,4000,23.0,"Bellevue , WA",4/16/1996,Washington,Active,Cincinnati Bengals,Rookie,77.0,Newport HS,"Bellevue, WA",89.0,258.0,
131,drewsample/2562720,"Sample, Drew",TE,2019,Regular Season,4,09/30,Away,PIT,L,3 to 27,1,0,--,--,--,--,--,--,--,--,--,--,--,--,331,cin,0.0,4000,23.0,"Bellevue , WA",4/16/1996,Washington,Active,Cincinnati Bengals,Rookie,77.0,Newport HS,"Bellevue, WA",89.0,258.0,
132,drewsample/2562720,"Sample, Drew",TE,2019,Regular Season,6,10/13,Away,BAL,L,17 to 23,1,1,1,-1,-1.0,-1,0,--,--,--,--,--,--,--,479,cin,0.4,4000,23.0,"Bellevue , WA",4/16/1996,Washington,Active,Cincinnati Bengals,Rookie,77.0,Newport HS,"Bellevue, WA",89.0,258.0,
133,lancekendricks/2495187,"Kendricks, Lance",TE,2019,Regular Season,4,09/29,Away,MIA,W,30 to 10,1,1,2,37,18.5,24,0,--,--,--,--,--,--,--,289,lac,4.7,0,31.0,"Milwaukee , WI",1/30/1988,Wisconsin,Active,Los Angeles Chargers,9th season,75.0,Rufus King HS,"Milwaukee, MI",87.0,250.0,
134,lancekendricks/2495187,"Kendricks, Lance",TE,2019,Regular Season,7,10/20,Away,TEN,L,20 to 23,1,0,--,--,--,--,--,--,--,--,--,--,--,--,561,lac,0.0,4900,31.0,"Milwaukee , WI",1/30/1988,Wisconsin,Active,Los Angeles Chargers,9th season,75.0,Rufus King HS,"Milwaukee, MI",87.0,250.0,
135,noahfant/2562383,"Fant, Noah",TE,2019,Regular Season,1,09/09,Away,OAK,L,16 to 24,1,1,2,29,14.5,20,0,1,-5,-5.0,-5,0,--,--,27,den,3.4,4900,21.0,"Omaha , NE",11/20/1997,Iowa,Active,Denver Broncos,Rookie,76.0,Omaha South HS,"Omaha, NE",87.0,249.0,
136,noahfant/2562383,"Fant, Noah",TE,2019,Regular Season,5,10/06,Away,LAC,W,20 to 13,1,1,1,6,6.0,6,0,--,--,--,--,--,--,--,389,den,1.1,4900,21.0,"Omaha , NE",11/20/1997,Iowa,Active,Denver Broncos,Rookie,76.0,Omaha South HS,"Omaha, NE",87.0,249.0,
137,noahfant/2562383,"Fant, Noah",TE,2019,Regular Season,8,10/27,Away,IND,L,13 to 15,1,0,5,26,5.2,17,0,--,--,--,--,--,--,--,593,den,5.1,4500,21.0,"Omaha , NE",11/20/1997,Iowa,Active,Denver Broncos,Rookie,76.0,Omaha South HS,"Omaha, NE",87.0,249.0,
138,deonyelder/2561293,"Yelder, Deon",TE,2019,Regular Season,4,09/29,Away,DET,W,34 to 30,1,0,2,43,21.5,24,0,--,--,--,--,--,--,--,285,kan,5.3,4000,24.0,"Louisville , KY",3/6/1995,Western Kentucky,Active,Kansas City Chiefs,2nd season,76.0,Southern HS,"Louisville, KY",82.0,255.0,
139,deonyelder/2561293,"Yelder, Deon",TE,2019,Regular Season,7,10/17,Away,DEN,W,30 to 6,1,0,--,--,--,--,--,--,--,--,--,--,--,--,569,kan,0.0,4000,24.0,"Louisville , KY",3/6/1995,Western Kentucky,Active,Kansas City Chiefs,2nd season,76.0,Southern HS,"Louisville, KY",82.0,255.0,
140,danielbrown/2553900,"Brown, Daniel",TE,2019,Regular Season,5,10/06,Away,PHI,L,6 to 31,1,0,--,--,--,--,--,--,--,--,--,--,--,--,422,nyj,0.0,4500,27.0,"Windsor , VA",5/26/1992,James Madison,Active,New York Jets,5th season,77.0,Isle of Wight Acad. HS,VA,87.0,247.0,
141,benbraunecker/2556478,"Braunecker, Ben",TE,2019,Regular Season,2,09/15,Away,DEN,W,16 to 14,1,0,2,24,12.0,18,0,--,--,--,--,--,--,--,114,chi,3.4,4000,25.0,"Jasper , IN",2/7/1994,Harvard,Active,Chicago Bears,4th season,75.0,Forest Park HS,"Ferdinand, IN",82.0,247.0,
142,benbraunecker/2556478,"Braunecker, Ben",TE,2019,Regular Season,3,09/23,Away,WAS,W,31 to 15,1,0,--,--,--,--,--,--,--,--,--,--,--,--,258,chi,0.0,4000,25.0,"Jasper , IN",2/7/1994,Harvard,Active,Chicago Bears,4th season,75.0,Forest Park HS,"Ferdinand, IN",82.0,247.0,
143,benbraunecker/2556478,"Braunecker, Ben",TE,2019,Regular Season,5,10/06,Away,OAK,L,21 to 24,1,0,--,--,--,--,--,--,--,--,--,--,--,--,423,chi,0.0,4000,25.0,"Jasper , IN",2/7/1994,Harvard,Active,Chicago Bears,4th season,75.0,Forest Park HS,"Ferdinand, IN",82.0,247.0,
144,mikegesicki/2560994,"Gesicki, Mike",TE,2019,Regular Season,3,09/22,Away,DAL,L,6 to 31,1,0,3,9,3.0,5,0,--,--,--,--,--,--,--,208,mia,2.4,4600,24.0,"Lakewood Twp., Ocean Co. , NJ",10/3/1995,Penn State,Active,Miami Dolphins,2nd season,78.0,Southern Regional HS,"Manahawkin, NJ",88.0,250.0,
145,mikegesicki/2560994,"Gesicki, Mike",TE,2019,Regular Season,7,10/20,Away,BUF,L,21 to 31,1,0,4,41,10.3,17,0,--,--,--,--,--,--,--,517,mia,6.1,4600,24.0,"Lakewood Twp., Ocean Co. , NJ",10/3/1995,Penn State,Active,Miami Dolphins,2nd season,78.0,Southern Regional HS,"Manahawkin, NJ",88.0,250.0,
146,mikegesicki/2560994,"Gesicki, Mike",TE,2019,Regular Season,8,10/28,Away,PIT,L,14 to 27,1,0,2,10,5.0,5,0,--,--,--,--,--,--,--,613,mia,2.0,4800,24.0,"Lakewood Twp., Ocean Co. , NJ",10/3/1995,Penn State,Active,Miami Dolphins,2nd season,78.0,Southern Regional HS,"Manahawkin, NJ",88.0,250.0,
147,joshhill/2541834,"Hill, Josh",TE,2019,Regular Season,3,09/22,Away,SEA,W,33 to 27,1,1,1,4,4.0,4,0,--,--,--,--,--,--,--,225,nor,0.9,4000,29.0,"Blackfoot , ID",5/21/1990,Idaho State,Active,New Orleans Saints,7th season,77.0,Blackfoot HS,ID,89.0,250.0,
148,joshhill/2541834,"Hill, Josh",TE,2019,Regular Season,7,10/20,Away,CHI,W,36 to 25,1,0,3,43,14.3,27,1,--,--,--,--,--,--,--,510,nor,11.8,4600,29.0,"Blackfoot , ID",5/21/1990,Idaho State,Active,New Orleans Saints,7th season,77.0,Blackfoot HS,ID,89.0,250.0,
149,johnnymundt/2558875,"Mundt, Johnny",TE,2019,Regular Season,3,09/22,Away,CLE,W,20 to 13,1,0,--,--,--,--,--,--,--,--,--,--,--,--,246,lar,0.0,4000,24.0,"Modesto , CA",11/23/1994,Oregon,Active,Los Angeles Rams,2nd season,76.0,Central Catholic HS,"Stockton, CA",82.0,233.0,
150,johnnymundt/2558875,"Mundt, Johnny",TE,2019,Regular Season,5,10/03,Away,SEA,L,29 to 30,1,0,--,--,--,--,--,--,--,--,--,--,--,--,409,lar,0.0,4000,24.0,"Modesto , CA",11/23/1994,Oregon,Active,Los Angeles Rams,2nd season,76.0,Central Catholic HS,"Stockton, CA",82.0,233.0,
151,johnnymundt/2558875,"Mundt, Johnny",TE,2019,Regular Season,7,10/20,Away,ATL,W,37 to 10,1,0,0,0,--,--,0,--,--,--,--,--,--,--,559,lar,0.0,4000,24.0,"Modesto , CA",11/23/1994,Oregon,Active,Los Angeles Rams,2nd season,76.0,Central Catholic HS,"Stockton, CA",82.0,233.0,
152,jameso'shaughnessy/2553318,"O'Shaughnessy, James",TE,2019,Regular Season,2,09/15,Away,HOU,L,12 to 13,1,1,4,28,7.0,10,0,--,--,--,--,--,--,--,104,jac,4.8,4500,27.0,"Naperville , IL",1/14/1992,Illinois State,Injured reserve,Jacksonville Jaguars,5th season,76.0,Naperville North HS,IL,80.0,245.0,
153,jameso'shaughnessy/2553318,"O'Shaughnessy, James",TE,2019,Regular Season,4,09/29,Away,DEN,W,26 to 24,1,1,1,18,18.0,18T,1,--,--,--,--,--,--,--,280,jac,8.3,4600,27.0,"Naperville , IL",1/14/1992,Illinois State,Injured reserve,Jacksonville Jaguars,5th season,76.0,Naperville North HS,IL,80.0,245.0,
154,jameso'shaughnessy/2553318,"O'Shaughnessy, James",TE,2019,Regular Season,5,10/06,Away,CAR,L,27 to 34,1,1,3,57,19.0,35,0,--,--,--,--,--,--,--,355,jac,7.2,4500,27.0,"Naperville , IL",1/14/1992,Illinois State,Injured reserve,Jacksonville Jaguars,5th season,76.0,Naperville North HS,IL,80.0,245.0,
155,daltonschultz/2560866,"Schultz, Dalton",TE,2019,Regular Season,2,09/15,Away,WAS,W,31 to 21,1,0,--,--,--,--,--,--,--,--,--,--,--,--,154,dal,0.0,4000,23.0,"Sandy , UT",7/11/1996,Stanford,Active,Dallas Cowboys,2nd season,77.0,Bingham HS,"South Jordan, UT",86.0,260.0,
156,daltonschultz/2560866,"Schultz, Dalton",TE,2019,Regular Season,6,10/13,Away,NYJ,L,22 to 24,1,0,1,6,6.0,6,0,--,--,--,--,--,--,--,472,dal,1.1,4000,23.0,"Sandy , UT",7/11/1996,Stanford,Active,Dallas Cowboys,2nd season,77.0,Bingham HS,"South Jordan, UT",86.0,260.0,
157,haydenhurst/2560747,"Hurst, Hayden",TE,2019,Regular Season,1,09/08,Away,MIA,W,59 to 10,1,0,3,41,13.7,23,0,--,--,--,--,--,--,--,18,bal,5.6,4400,26.0,"Jacksonville , FL",8/24/1993,South Carolina,Active,Baltimore Ravens,2nd season,76.0,Bolles School HS,"Jacksonville, FL",81.0,260.0,
158,haydenhurst/2560747,"Hurst, Hayden",TE,2019,Regular Season,5,10/06,Away,PIT,W,26 to 23,1,0,4,32,8.0,13,0,--,--,--,--,--,--,--,363,bal,5.2,4400,26.0,"Jacksonville , FL",8/24/1993,South Carolina,Active,Baltimore Ravens,2nd season,76.0,Bolles School HS,"Jacksonville, FL",81.0,260.0,
159,haydenhurst/2560747,"Hurst, Hayden",TE,2019,Regular Season,7,10/20,Away,SEA,W,30 to 16,1,1,1,10,10.0,10,0,--,--,--,--,--,--,--,537,bal,1.5,4100,26.0,"Jacksonville , FL",8/24/1993,South Carolina,Active,Baltimore Ravens,2nd season,76.0,Bolles School HS,"Jacksonville, FL",81.0,260.0,
160,durhamsmythe/2560880,"Smythe, Durham",TE,2019,Regular Season,3,09/22,Away,DAL,L,6 to 31,1,1,0,0,--,--,0,--,--,--,--,--,--,--,260,mia,0.0,4000,24.0,"Havertown , PA",8/9/1995,Notre Dame,Active,Miami Dolphins,2nd season,78.0,Belton HS,TX,81.0,260.0,
161,durhamsmythe/2560880,"Smythe, Durham",TE,2019,Regular Season,7,10/20,Away,BUF,L,21 to 31,1,1,0,0,--,--,0,--,--,--,--,--,--,--,574,mia,0.0,4000,24.0,"Havertown , PA",8/9/1995,Notre Dame,Active,Miami Dolphins,2nd season,78.0,Belton HS,TX,81.0,260.0,
162,durhamsmythe/2560880,"Smythe, Durham",TE,2019,Regular Season,8,10/28,Away,PIT,L,14 to 27,1,1,--,--,--,--,--,--,--,--,--,--,--,--,654,mia,0.0,4000,24.0,"Havertown , PA",8/9/1995,Notre Dame,Active,Miami Dolphins,2nd season,78.0,Belton HS,TX,81.0,260.0,
163,blakebell/2552478,"Bell, Blake",TE,2019,Regular Season,2,09/15,Away,OAK,W,28 to 10,1,1,0,0,--,--,0,--,--,--,--,--,--,--,167,kan,0.0,4000,28.0,"Wichita , KS",8/7/1991,Oklahoma,Active,Kansas City Chiefs,5th season,78.0,Bishop Carroll HS,"Wichita, KS",81.0,252.0,
164,blakebell/2552478,"Bell, Blake",TE,2019,Regular Season,4,09/29,Away,DET,W,34 to 30,1,0,--,--,--,--,--,--,--,--,--,--,--,--,338,kan,0.0,4000,28.0,"Wichita , KS",8/7/1991,Oklahoma,Active,Kansas City Chiefs,5th season,78.0,Bishop Carroll HS,"Wichita, KS",81.0,252.0,
165,blakebell/2552478,"Bell, Blake",TE,2019,Regular Season,7,10/17,Away,DEN,W,30 to 6,1,1,0,0,--,--,0,--,--,--,--,--,--,--,568,kan,0.0,4000,28.0,"Wichita , KS",8/7/1991,Oklahoma,Active,Kansas City Chiefs,5th season,78.0,Bishop Carroll HS,"Wichita, KS",81.0,252.0,
166,markandrews/2560957,"Andrews, Mark",TE,2019,Regular Season,1,09/08,Away,MIA,W,59 to 10,1,0,8,108,13.5,39,1,--,--,--,--,--,--,--,2,bal,20.8,5400,24.0,"Scottsdale , AZ",9/6/1995,Oklahoma,Active,Baltimore Ravens,2nd season,76.0,Desert Mountain HS,"Scottsdale, AZ",89.0,256.0,
167,markandrews/2560957,"Andrews, Mark",TE,2019,Regular Season,5,10/06,Away,PIT,W,26 to 23,1,1,5,45,9.0,24,0,--,--,--,--,--,--,--,356,bal,7.0,6100,24.0,"Scottsdale , AZ",9/6/1995,Oklahoma,Active,Baltimore Ravens,2nd season,76.0,Desert Mountain HS,"Scottsdale, AZ",89.0,256.0,
168,markandrews/2560957,"Andrews, Mark",TE,2019,Regular Season,7,10/20,Away,SEA,W,30 to 16,1,1,2,39,19.5,33,0,--,--,--,--,--,--,--,521,bal,4.9,6700,24.0,"Scottsdale , AZ",9/6/1995,Oklahoma,Active,Baltimore Ravens,2nd season,76.0,Desert Mountain HS,"Scottsdale, AZ",89.0,256.0,
169,lukewillson/2541199,"Willson, Luke",TE,2019,Regular Season,4,09/29,Away,ARI,W,27 to 10,1,0,2,26,13.0,17,0,--,--,--,--,--,--,--,296,sea,3.6,0,29.0,"Windsor , ON",1/15/1990,Rice,Active,Seattle Seahawks,7th season,77.0,St. Thomas of Villanova HS,"La Salle, Ontario, Canada",82.0,255.0,
170,lukewillson/2541199,"Willson, Luke",TE,2019,Regular Season,6,10/13,Away,CLE,W,32 to 28,1,1,2,16,8.0,11,0,--,--,--,--,--,--,--,459,sea,2.6,4200,29.0,"Windsor , ON",1/15/1990,Rice,Active,Seattle Seahawks,7th season,77.0,St. Thomas of Villanova HS,"La Salle, Ontario, Canada",82.0,255.0,
171,lukewillson/2541199,"Willson, Luke",TE,2019,Regular Season,8,10/27,Away,ATL,W,27 to 20,1,1,1,7,7.0,7,0,--,--,--,--,--,--,--,624,sea,1.2,4500,29.0,"Windsor , ON",1/15/1990,Rice,Active,Seattle Seahawks,7th season,77.0,St. Thomas of Villanova HS,"La Salle, Ontario, Canada",82.0,255.0,
172,roberttonyan/2559270,"Tonyan, Robert",TE,2019,Regular Season,1,09/05,Away,CHI,W,10 to 3,1,0,1,28,28.0,28,0,--,--,--,--,--,--,--,28,gnb,3.3,4000,25.0,"Woodstock , IL",4/30/1994,Indiana State,Active,Green Bay Packers,2nd season,77.0,Marian Central Catholic HS,"Woodstock, IL",85.0,237.0,
173,roberttonyan/2559270,"Tonyan, Robert",TE,2019,Regular Season,5,10/06,Away,DAL,W,34 to 24,1,0,1,23,23.0,23,0,--,--,--,--,--,--,--,371,gnb,2.8,4000,25.0,"Woodstock , IL",4/30/1994,Indiana State,Active,Green Bay Packers,2nd season,77.0,Marian Central Catholic HS,"Woodstock, IL",85.0,237.0,
174,dawsonknox/2562681,"Knox, Dawson",TE,2019,Regular Season,1,09/08,Away,NYJ,W,17 to 16,1,0,1,1,1.0,1,0,--,--,--,--,--,--,--,52,buf,0.6,4600,22.0,"Brentwood , TN",11/14/1996,Mississippi,Active,Buffalo Bills,Rookie,76.0,Brentwood Academy HS,"Brentwood, TN",88.0,254.0,
175,dawsonknox/2562681,"Knox, Dawson",TE,2019,Regular Season,2,09/15,Away,NYG,W,28 to 14,1,0,1,18,18.0,18,0,--,--,--,--,--,--,--,123,buf,2.3,4600,22.0,"Brentwood , TN",11/14/1996,Mississippi,Active,Buffalo Bills,Rookie,76.0,Brentwood Academy HS,"Brentwood, TN",88.0,254.0,
176,dawsonknox/2562681,"Knox, Dawson",TE,2019,Regular Season,5,10/06,Away,TEN,W,14 to 7,1,1,2,12,6.0,7,0,--,--,--,--,--,--,--,378,buf,2.2,4800,22.0,"Brentwood , TN",11/14/1996,Mississippi,Active,Buffalo Bills,Rookie,76.0,Brentwood Academy HS,"Brentwood, TN",88.0,254.0,
177,geraldeverett/2557889,"Everett, Gerald",TE,2019,Regular Season,1,09/08,Away,CAR,W,30 to 27,1,0,1,7,7.0,7,0,--,--,--,--,--,--,--,45,lar,1.2,4900,25.0,"Atlanta , GA",6/25/1994,South Alabama,Active,Los Angeles Rams,3rd season,75.0,Columbia HS,"Decatur, GA",81.0,240.0,
178,geraldeverett/2557889,"Everett, Gerald",TE,2019,Regular Season,3,09/22,Away,CLE,W,20 to 13,1,1,2,15,7.5,11,0,--,--,--,--,--,--,--,205,lar,2.5,4500,25.0,"Atlanta , GA",6/25/1994,South Alabama,Active,Los Angeles Rams,3rd season,75.0,Columbia HS,"Decatur, GA",81.0,240.0,
179,geraldeverett/2557889,"Everett, Gerald",TE,2019,Regular Season,5,10/03,Away,SEA,L,29 to 30,1,1,7,136,19.4,32,0,--,--,--,--,--,--,--,345,lar,17.1,5100,25.0,"Atlanta , GA",6/25/1994,South Alabama,Active,Los Angeles Rams,3rd season,75.0,Columbia HS,"Decatur, GA",81.0,240.0,
180,geraldeverett/2557889,"Everett, Gerald",TE,2019,Regular Season,7,10/20,Away,ATL,W,37 to 10,1,0,4,50,12.5,33,1,--,--,--,--,--,--,--,506,lar,13.0,5900,25.0,"Atlanta , GA",6/25/1994,South Alabama,Active,Los Angeles Rams,3rd season,75.0,Columbia HS,"Decatur, GA",81.0,240.0,
181,lukestocker/2495234,"Stocker, Luke",TE,2019,Regular Season,1,09/08,Away,MIN,L,12 to 28,1,1,0,0,--,--,0,--,--,--,--,--,--,--,81,atl,0.0,4000,31.0,"Lexington , KY",7/17/1988,Tennessee,Active,Atlanta Falcons,9th season,77.0,Madison Southern HS,"Berea, KY",80.0,253.0,
182,lukestocker/2495234,"Stocker, Luke",TE,2019,Regular Season,3,09/22,Away,IND,L,24 to 27,1,1,3,12,4.0,5,0,--,--,--,--,--,--,--,204,atl,2.7,4000,31.0,"Lexington , KY",7/17/1988,Tennessee,Active,Atlanta Falcons,9th season,77.0,Madison Southern HS,"Berea, KY",80.0,253.0,
183,lukestocker/2495234,"Stocker, Luke",TE,2019,Regular Season,5,10/06,Away,HOU,L,32 to 53,1,0,--,--,--,--,--,--,--,--,--,--,--,--,421,atl,0.0,4000,31.0,"Lexington , KY",7/17/1988,Tennessee,Active,Atlanta Falcons,9th season,77.0,Madison Southern HS,"Berea, KY",80.0,253.0,
184,lukestocker/2495234,"Stocker, Luke",TE,2019,Regular Season,6,10/13,Away,ARI,L,33 to 34,1,0,1,0,0.0,0,0,--,--,--,--,--,--,--,478,atl,0.5,4000,31.0,"Lexington , KY",7/17/1988,Tennessee,Active,Atlanta Falcons,9th season,77.0,Madison Southern HS,"Berea, KY",80.0,253.0,
185,davidnjoku/2557986,"Njoku, David",TE,2019,Regular Season,2,09/16,Away,NYJ,W,23 to 3,1,0,0,0,--,--,0,--,--,--,--,--,--,--,166,cle,0.0,5800,23.0,"Jersey City , NJ",7/10/1996,Miami (Fla.),Injured reserve,Cleveland Browns,3rd season,76.0,Cedar Grove HS,NJ,85.0,246.0,
186,troyfumagalli/2560734,"Fumagalli, Troy",TE,2019,Regular Season,1,09/09,Away,OAK,L,16 to 24,1,1,--,--,--,--,--,--,--,--,--,--,--,--,82,den,0.0,4000,24.0,"Aurora , IL",2/17/1995,Wisconsin,Active,Denver Broncos,2nd season,78.0,Waubonsie Valley HS,"Aurora, IL",84.0,248.0,
187,t.j.hockenson/2562378,"Hockenson, T.J.",TE,2019,Regular Season,1,09/08,Away,ARI,T,27 to 27,1,1,6,131,21.8,39,1,--,--,--,--,--,--,--,1,det,22.1,4900,22.0,"Chariton , IA",7/3/1997,Iowa,Active,Detroit Lions,Rookie,77.0,Chariton HS,"Chariton, IA",88.0,247.0,
188,t.j.hockenson/2562378,"Hockenson, T.J.",TE,2019,Regular Season,3,09/22,Away,PHI,W,27 to 24,1,0,1,1,1.0,1,0,--,--,--,--,--,--,--,230,det,0.6,5500,22.0,"Chariton , IA",7/3/1997,Iowa,Active,Detroit Lions,Rookie,77.0,Chariton HS,"Chariton, IA",88.0,247.0,
189,rickyseals-jones/2559248,"Seals-Jones, Ricky",TE,2019,Regular Season,2,09/16,Away,NYJ,W,23 to 3,1,0,--,--,--,--,--,--,--,--,--,--,--,--,142,cle,0.0,4700,24.0,"Houston , TX",3/15/1995,Texas A&M,Active,Cleveland Browns,3rd season,77.0,Sealy HS,TX,83.0,243.0,
190,rickyseals-jones/2559248,"Seals-Jones, Ricky",TE,2019,Regular Season,4,09/29,Away,BAL,W,40 to 25,1,0,3,82,27.3,59,1,--,--,--,--,--,--,--,265,cle,15.7,5000,24.0,"Houston , TX",3/15/1995,Texas A&M,Active,Cleveland Browns,3rd season,77.0,Sealy HS,TX,83.0,243.0,
191,tylerconklin/2561027,"Conklin, Tyler",TE,2019,Regular Season,4,09/29,Away,CHI,L,6 to 16,1,0,--,--,--,--,--,--,--,--,--,--,--,--,343,min,0.0,4000,24.0,"Mount Clemens , MI",7/30/1995,Central Michigan,Active,Minnesota Vikings,2nd season,75.0,L'Anse Creuse North HS,"L'Anse, MI",83.0,254.0,
192,tylerconklin/2561027,"Conklin, Tyler",TE,2019,Regular Season,5,10/06,Away,NYG,W,28 to 10,1,0,--,--,--,--,--,--,--,--,--,--,--,--,424,min,0.0,4000,24.0,"Mount Clemens , MI",7/30/1995,Central Michigan,Active,Minnesota Vikings,2nd season,75.0,L'Anse Creuse North HS,"L'Anse, MI",83.0,254.0,
193,tylerconklin/2561027,"Conklin, Tyler",TE,2019,Regular Season,7,10/20,Away,DET,W,42 to 30,1,0,--,--,--,--,--,--,--,--,--,--,--,--,575,min,0.0,4000,24.0,"Mount Clemens , MI",7/30/1995,Central Michigan,Active,Minnesota Vikings,2nd season,75.0,L'Anse Creuse North HS,"L'Anse, MI",83.0,254.0,
194,ryanizzo/2560751,"Izzo, Ryan",TE,2019,Regular Season,2,09/15,Away,MIA,W,43 to 0,1,0,--,--,--,--,--,--,--,--,--,--,--,--,146,nwe,0.0,4500,23.0,"Highland Lakes , NJ",12/21/1995,Florida State,Active,New England Patriots,2nd season,77.0,Pope John XXII Regional HS,"Sparta, NJ",85.0,255.0,
195,ryanizzo/2560751,"Izzo, Ryan",TE,2019,Regular Season,4,09/29,Away,BUF,W,16 to 10,1,1,--,--,--,--,--,--,--,--,--,--,--,--,320,nwe,0.0,4500,23.0,"Highland Lakes , NJ",12/21/1995,Florida State,Active,New England Patriots,2nd season,77.0,Pope John XXII Regional HS,"Sparta, NJ",85.0,255.0,
196,ryanizzo/2560751,"Izzo, Ryan",TE,2019,Regular Season,5,10/06,Away,WAS,W,33 to 7,1,0,2,39,19.5,29,1,--,--,--,--,--,--,--,349,nwe,10.9,4500,23.0,"Highland Lakes , NJ",12/21/1995,Florida State,Active,New England Patriots,2nd season,77.0,Pope John XXII Regional HS,"Sparta, NJ",85.0,255.0,
197,nickboyle/2552402,"Boyle, Nick",TE,2019,Regular Season,1,09/08,Away,MIA,W,59 to 10,1,1,3,26,8.7,12,0,--,--,--,--,--,--,--,25,bal,4.1,4000,26.0,"Sussex , NJ",2/17/1993,Delaware,Active,Baltimore Ravens,5th season,76.0,High Point HS,"Sussex, NJ",86.0,270.0,
198,nickboyle/2552402,"Boyle, Nick",TE,2019,Regular Season,5,10/06,Away,PIT,W,26 to 23,1,1,0,0,--,--,0,--,--,--,--,--,--,--,417,bal,0.0,4700,26.0,"Sussex , NJ",2/17/1993,Delaware,Active,Baltimore Ravens,5th season,76.0,High Point HS,"Sussex, NJ",86.0,270.0,
199,nickboyle/2552402,"Boyle, Nick",TE,2019,Regular Season,7,10/20,Away,SEA,W,30 to 16,1,1,1,20,20.0,20,0,--,--,--,--,--,--,--,532,bal,2.5,4300,26.0,"Sussex , NJ",2/17/1993,Delaware,Active,Baltimore Ravens,5th season,76.0,High Point HS,"Sussex, NJ",86.0,270.0,
200,moalie-cox/2558832,"Alie-Cox, Mo",TE,2019,Regular Season,1,09/08,Away,LAC,L,24 to 30,1,0,1,3,3.0,3,0,--,--,--,--,--,--,--,51,ind,0.8,4000,26.0,"Alexandria , VA",9/19/1993,Virginia Commonwealth,Active,Indianapolis Colts,2nd season,77.0,Middleburg Acad. HS,VA,81.0,267.0,
201,moalie-cox/2558832,"Alie-Cox, Mo",TE,2019,Regular Season,2,09/15,Away,TEN,W,19 to 17,1,0,0,0,--,--,0,--,--,--,--,--,--,--,164,ind,0.0,4000,26.0,"Alexandria , VA",9/19/1993,Virginia Commonwealth,Active,Indianapolis Colts,2nd season,77.0,Middleburg Acad. HS,VA,81.0,267.0,
202,erictomlinson/2553744,"Tomlinson, Eric",,2019,Regular Season,1,09/08,Away,DAL,L,17 to 35,1,0,--,--,--,--,--,--,--,--,--,--,--,--,67,nyg,0.0,4000,27.0,"Oklahoma City , OK",4/22/1992,Texas-El Paso,Cut from team,,Season,78.0,,,,263.0,
203,erictomlinson/2553744,"Tomlinson, Eric",,2019,Regular Season,7,10/21,Away,NYJ,W,33 to 0,1,1,1,1,1.0,1,0,--,--,--,--,--,--,--,548,nwe,0.6,4000,27.0,"Oklahoma City , OK",4/22/1992,Texas-El Paso,Cut from team,,Season,78.0,,,,263.0,
204,jimmygraham/497236,"Graham, Jimmy",TE,2019,Regular Season,1,09/05,Away,CHI,W,10 to 3,1,0,3,30,10.0,16,1,--,--,--,--,--,--,--,8,gnb,10.5,5100,32.0,"Goldsboro , NC",11/24/1986,Miami (Fla.),Active,Green Bay Packers,10th season,79.0,Charis Prep HS,"Goldsboro, NC",80.0,265.0,
205,jimmygraham/497236,"Graham, Jimmy",TE,2019,Regular Season,5,10/06,Away,DAL,W,34 to 24,1,1,3,41,13.7,23,0,--,--,--,--,--,--,--,361,gnb,5.6,5500,32.0,"Goldsboro , NC",11/24/1986,Miami (Fla.),Active,Green Bay Packers,10th season,79.0,Charis Prep HS,"Goldsboro, NC",80.0,265.0,
206,jessejames/2552633,"James, Jesse",TE,2019,Regular Season,1,09/08,Away,ARI,T,27 to 27,1,1,1,15,15.0,15,0,--,--,--,--,--,--,--,38,det,2.0,4000,25.0,"Mckeesport , PA",6/4/1994,Penn State,Active,Detroit Lions,5th season,79.0,South Allegheny HS,"McKeesport, PA",83.0,250.0,
207,jessejames/2552633,"James, Jesse",TE,2019,Regular Season,3,09/22,Away,PHI,W,27 to 24,1,1,1,13,13.0,13,0,--,--,--,--,--,--,--,213,det,1.8,4000,25.0,"Mckeesport , PA",6/4/1994,Penn State,Active,Detroit Lions,5th season,79.0,South Allegheny HS,"McKeesport, PA",83.0,250.0,
208,austinhooper/2555415,"Hooper, Austin",TE,2019,Regular Season,1,09/08,Away,MIN,L,12 to 28,1,1,9,77,8.6,16,0,--,--,--,--,--,--,--,5,atl,12.2,5500,25.0,"San Mateo , CA",10/29/1994,Stanford,Active,Atlanta Falcons,4th season,76.0,De La Salle HS,"Concord, CA",81.0,254.0,
209,austinhooper/2555415,"Hooper, Austin",TE,2019,Regular Season,3,09/22,Away,IND,L,24 to 27,1,1,6,66,11.0,20,2,--,--,--,--,--,--,--,176,atl,21.6,5800,25.0,"San Mateo , CA",10/29/1994,Stanford,Active,Atlanta Falcons,4th season,76.0,De La Salle HS,"Concord, CA",81.0,254.0,
210,austinhooper/2555415,"Hooper, Austin",TE,2019,Regular Season,5,10/06,Away,HOU,L,32 to 53,1,1,6,56,9.3,18,0,--,--,--,--,--,--,--,351,atl,10.6,6700,25.0,"San Mateo , CA",10/29/1994,Stanford,Active,Atlanta Falcons,4th season,76.0,De La Salle HS,"Concord, CA",81.0,254.0,
211,austinhooper/2555415,"Hooper, Austin",TE,2019,Regular Season,6,10/13,Away,ARI,L,33 to 34,1,1,8,117,14.6,30,1,--,--,--,--,--,--,--,427,atl,21.7,6400,25.0,"San Mateo , CA",10/29/1994,Stanford,Active,Atlanta Falcons,4th season,76.0,De La Salle HS,"Concord, CA",81.0,254.0,
212,hunterhenry/2555341,"Henry, Hunter",TE,2019,Regular Season,7,10/20,Away,TEN,L,20 to 23,1,1,6,97,16.2,23,0,--,--,--,--,--,--,--,508,lac,12.7,5700,24.0,"Little Rock , AR",12/7/1994,Arkansas,Active,Los Angeles Chargers,4th season,77.0,Pulaski Academy HS,"Little Rock, AR",86.0,250.0,
213,hunterhenry/2555341,"Henry, Hunter",TE,2019,Regular Season,8,10/27,Away,CHI,W,17 to 16,1,1,4,47,11.8,20,0,--,--,--,--,--,--,--,590,lac,6.7,6700,24.0,"Little Rock , AR",12/7/1994,Arkansas,Active,Los Angeles Chargers,4th season,77.0,Pulaski Academy HS,"Little Rock, AR",86.0,250.0,
214,antonyauclair/2559044,"Auclair, Antony",TE,2019,Regular Season,2,09/12,Away,CAR,W,20 to 14,1,1,--,--,--,--,--,--,--,--,--,--,--,--,149,tam,0.0,4000,26.0,"Notre Dame des Pins , QC",5/28/1993,Laval (Canada),Injured reserve,Tampa Bay Buccaneers,3rd season,78.0,Champlain Coll. Lenoxville HS,"Sherbrooke, Quebec, Canada",82.0,256.0,
215,antonyauclair/2559044,"Auclair, Antony",TE,2019,Regular Season,8,10/27,Away,TEN,L,23 to 27,1,1,--,--,--,--,--,--,--,--,--,--,--,--,634,tam,0.0,4000,26.0,"Notre Dame des Pins , QC",5/28/1993,Laval (Canada),Injured reserve,Tampa Bay Buccaneers,3rd season,78.0,Champlain Coll. Lenoxville HS,"Sherbrooke, Quebec, Canada",82.0,256.0,
216,treyburton/2550284,"Burton, Trey",TE,2019,Regular Season,2,09/15,Away,DEN,W,16 to 14,1,1,2,5,2.5,5,0,--,--,--,--,--,--,--,129,chi,1.5,5400,28.0,"Venice , FL",10/29/1991,Florida,Active,Chicago Bears,6th season,74.0,Venice HS,FL,80.0,238.0,
217,treyburton/2550284,"Burton, Trey",TE,2019,Regular Season,3,09/23,Away,WAS,W,31 to 15,1,1,4,20,5.0,11,0,--,--,--,--,--,--,--,196,chi,4.0,4900,28.0,"Venice , FL",10/29/1991,Florida,Active,Chicago Bears,6th season,74.0,Venice HS,FL,80.0,238.0,
218,treyburton/2550284,"Burton, Trey",TE,2019,Regular Season,5,10/06,Away,OAK,L,21 to 24,1,1,3,16,5.3,11,0,--,--,--,--,--,--,--,369,chi,3.1,4800,28.0,"Venice , FL",10/29/1991,Florida,Active,Chicago Bears,6th season,74.0,Venice HS,FL,80.0,238.0,
219,jaedengraham/2561622,"Graham, Jaeden",TE,2019,Regular Season,6,10/13,Away,ARI,L,33 to 34,1,0,1,21,21.0,21,0,--,--,--,--,--,--,--,457,atl,2.6,4000,24.0,"Aurora , CO",10/10/1995,Yale,Active,Atlanta Falcons,1st season,76.0,,,87.0,250.0,
220,tylerhigbee/2555364,"Higbee, Tyler",TE,2019,Regular Season,1,09/08,Away,CAR,W,30 to 27,1,1,4,20,5.0,6,1,--,--,--,--,--,--,--,11,lar,10.0,4000,26.0,"Atlanta , GA",1/1/1993,Western Kentucky,Active,Los Angeles Rams,4th season,78.0,East Lake HS,"Tarpon Springs, FL",89.0,255.0,
221,tylerhigbee/2555364,"Higbee, Tyler",TE,2019,Regular Season,5,10/03,Away,SEA,L,29 to 30,1,1,3,47,15.7,20,0,--,--,--,--,--,--,--,358,lar,6.2,4500,26.0,"Atlanta , GA",1/1/1993,Western Kentucky,Active,Los Angeles Rams,4th season,78.0,East Lake HS,"Tarpon Springs, FL",89.0,255.0,
222,tylerhigbee/2555364,"Higbee, Tyler",TE,2019,Regular Season,7,10/20,Away,ATL,W,37 to 10,1,1,1,8,8.0,8,0,--,--,--,--,--,--,--,540,lar,1.3,4500,26.0,"Atlanta , GA",1/1/1993,Western Kentucky,Active,Los Angeles Rams,4th season,78.0,East Lake HS,"Tarpon Springs, FL",89.0,255.0,
223,jeremysprinkle/2557886,"Sprinkle, Jeremy",TE,2019,Regular Season,1,09/08,Away,PHI,L,27 to 32,1,1,1,8,8.0,8,0,--,--,--,--,--,--,--,42,was,1.3,4000,25.0,"Pine Bluff , AR",8/10/1994,Arkansas,Active,Washington Redskins,3rd season,77.0,White Hall HS,AR,87.0,255.0,
224,jeremysprinkle/2557886,"Sprinkle, Jeremy",TE,2019,Regular Season,4,09/29,Away,NYG,L,3 to 24,1,1,1,20,20.0,20,0,--,--,--,--,--,--,--,302,was,2.5,4000,25.0,"Pine Bluff , AR",8/10/1994,Arkansas,Active,Washington Redskins,3rd season,77.0,White Hall HS,AR,87.0,255.0,
225,jeremysprinkle/2557886,"Sprinkle, Jeremy",TE,2019,Regular Season,6,10/13,Away,MIA,W,17 to 16,1,1,2,24,12.0,19,0,--,--,--,--,--,--,--,453,was,3.4,4500,25.0,"Pine Bluff , AR",8/10/1994,Arkansas,Active,Washington Redskins,3rd season,77.0,White Hall HS,AR,87.0,255.0,
226,jeremysprinkle/2557886,"Sprinkle, Jeremy",TE,2019,Regular Season,8,10/24,Away,MIN,L,9 to 19,1,1,2,12,6.0,6,0,--,--,--,--,--,--,--,609,was,2.2,4700,25.0,"Pine Bluff , AR",8/10/1994,Arkansas,Active,Washington Redskins,3rd season,77.0,White Hall HS,AR,87.0,255.0,
227,gregolsen/2495700,"Olsen, Greg",TE,2019,Regular Season,3,09/22,Away,ARI,W,38 to 20,1,1,6,75,12.5,20,2,--,--,--,--,--,--,--,175,car,22.5,6100,34.0,"Paterson , NJ",3/11/1985,Miami (Fla.),Active,Carolina Panthers,13th season,77.0,Wayne Hills HS,"Wayne, NJ",88.0,255.0,
228,gregolsen/2495700,"Olsen, Greg",TE,2019,Regular Season,4,09/29,Away,HOU,W,16 to 10,1,1,2,5,2.5,3,0,--,--,--,--,--,--,--,309,car,1.5,6000,34.0,"Paterson , NJ",3/11/1985,Miami (Fla.),Active,Carolina Panthers,13th season,77.0,Wayne Hills HS,"Wayne, NJ",88.0,255.0,
229,o.j.howard/2557856,"Howard, O.J.",TE,2019,Regular Season,2,09/12,Away,CAR,W,20 to 14,1,1,--,--,--,--,--,--,--,--,--,--,--,--,161,tam,0.0,6500,24.0,"Autaugaville , AL",11/18/1994,Alabama,Active,Tampa Bay Buccaneers,3rd season,78.0,Autauga Academy HS,"Prattville, AL",80.0,251.0,
230,jacobhollister/2558956,"Hollister, Jacob",TE,2019,Regular Season,6,10/13,Away,CLE,W,32 to 28,1,0,--,--,--,--,--,--,--,--,--,--,--,--,497,sea,0.0,4500,25.0,"Beaverton , OR",11/18/1993,Wyoming,Active,Seattle Seahawks,3rd season,76.0,Mountain View HS,"Bend, OR",48.0,245.0,
231,jacobhollister/2558956,"Hollister, Jacob",TE,2019,Regular Season,8,10/27,Away,ATL,W,27 to 20,1,0,2,18,9.0,12,0,--,--,--,--,--,--,--,604,sea,2.8,4800,25.0,"Beaverton , OR",11/18/1993,Wyoming,Active,Seattle Seahawks,3rd season,76.0,Mountain View HS,"Bend, OR",48.0,245.0,
232,jasonwitten/2505629,"Witten, Jason",TE,2019,Regular Season,2,09/15,Away,WAS,W,31 to 21,1,1,4,25,6.3,18,1,--,--,--,--,--,--,--,94,dal,10.5,4700,37.0,"Knoxville , TN",5/6/1982,Tennessee,Active,Dallas Cowboys,16th season,78.0,Elizabethton HS,TN,82.0,263.0,
233,jasonwitten/2505629,"Witten, Jason",TE,2019,Regular Season,6,10/13,Away,NYJ,L,22 to 24,1,1,5,57,11.4,20,0,--,--,--,--,--,--,--,436,dal,8.2,5000,37.0,"Knoxville , TN",5/6/1982,Tennessee,Active,Dallas Cowboys,16th season,78.0,Elizabethton HS,TN,82.0,263.0,
234,tannerhudson/2561215,"Hudson, Tanner",TE,2019,Regular Season,8,10/27,Away,TEN,L,23 to 27,1,0,0,0,--,--,0,--,--,--,--,--,--,--,630,tam,0.0,4000,24.0,"Paris , TN",11/12/1994,Southern Arkansas,Active,Tampa Bay Buccaneers,1st season,77.0,,,88.0,239.0,
