,Player Id,name,Position,Year,Season,week,Game Date,Home or Away,opponent,Outcome,Score,Games Played,Games Started,Rushing Attempts,Rushing Yards,Yards Per Carry,Longest Rushing Run,Rushing TDs,Receptions,Receiving Yards,Yards Per Reception,Longest Reception,Receiving TDs,Fumbles,Fumbles Lost,Unnamed: 0,team,points,salary,Age,Birth Place,Birthday,College,Current Status,Current Team,Experience,Height (inches),High School,High School Location,Number,Weight (lbs),Years Played
0,dwaynewashington/2556118,"Washington, Dwayne",RB,2019,Regular Season,3,09/22,Away,SEA,W,33 to 27,1,0,--,--,--,--,--,--,--,--,--,--,--,--,310,nor,0.0,4500,25.0,"Claremont , CA",4/24/1994,Washington,Active,New Orleans Saints,4th season,73.0,Gahr HS,"Cerritos, CA",27.0,223.0,
1,dwaynewashington/2556118,"Washington, Dwayne",RB,2019,Regular Season,7,10/20,Away,CHI,W,36 to 25,1,0,--,--,--,--,--,1,6,6.0,6,0,--,--,709,nor,1.1,4500,25.0,"Claremont , CA",4/24/1994,Washington,Active,New Orleans Saints,4th season,73.0,Gahr HS,"Cerritos, CA",27.0,223.0,
2,alexarmah/2558833,"Armah, Alex",FB,2019,Regular Season,3,09/22,Away,ARI,W,38 to 20,1,0,1,4,4.0,4,0,1,2,2.0,2,0,--,--,296,car,1.1,4500,25.0,"Norcross , GA",5/17/1994,West Georgia,Active,Carolina Panthers,3rd season,74.0,Dacula HS,GA,40.0,255.0,
3,alexarmah/2558833,"Armah, Alex",FB,2019,Regular Season,4,09/29,Away,HOU,W,16 to 10,1,0,--,--,--,--,--,--,--,--,--,--,--,--,429,car,0.0,4500,25.0,"Norcross , GA",5/17/1994,West Georgia,Active,Carolina Panthers,3rd season,74.0,Dacula HS,GA,40.0,255.0,
4,dukejohnson/2552461,"Johnson, Duke",RB,2019,Regular Season,3,09/22,Away,LAC,W,27 to 20,1,0,2,2,1.0,1,0,2,22,11.0,15,0,--,--,285,hou,3.4,5400,26.0,"Miami , FL",9/23/1993,Miami (Fla.),Active,Houston Texans,5th season,69.0,Miami Norland HS,FL,25.0,210.0,
5,dukejohnson/2552461,"Johnson, Duke",RB,2019,Regular Season,7,10/20,Away,IND,L,23 to 30,1,1,7,34,4.9,11,0,2,22,11.0,12,0,--,--,675,hou,6.6,5400,26.0,"Miami , FL",9/23/1993,Miami (Fla.),Active,Houston Texans,5th season,69.0,Miami Norland HS,FL,25.0,210.0,
6,derrickhenry/2556075,"Henry, Derrick",RB,2019,Regular Season,1,09/08,Away,CLE,W,43 to 13,1,1,19,84,4.4,18,1,1,75,75.0,75T,1,--,--,2,ten,28.4,6800,25.0,"Yulee , FL",1/4/1994,Alabama,Active,Tennessee Titans,4th season,75.0,Yulee HS,FL,22.0,247.0,
7,derrickhenry/2556075,"Henry, Derrick",RB,2019,Regular Season,4,09/29,Away,ATL,W,24 to 10,1,1,27,100,3.7,16,0,1,8,8.0,8,0,1,0,360,ten,11.3,7000,25.0,"Yulee , FL",1/4/1994,Alabama,Active,Tennessee Titans,4th season,75.0,Yulee HS,FL,22.0,247.0,
8,derrickhenry/2556075,"Henry, Derrick",RB,2019,Regular Season,6,10/13,Away,DEN,L,0 to 16,1,1,15,28,1.9,6,0,1,5,5.0,5,0,--,--,589,ten,3.8,6700,25.0,"Yulee , FL",1/4/1994,Alabama,Active,Tennessee Titans,4th season,75.0,Yulee HS,FL,22.0,247.0,
9,patrickdimarco/2530763,"DiMarco, Patrick",RB,2019,Regular Season,1,09/08,Away,NYJ,W,17 to 16,1,1,--,--,--,--,--,2,9,4.5,5,0,--,--,66,buf,1.9,4500,30.0,"Altamonte Springs , FL",4/30/1989,South Carolina,Active,Buffalo Bills,8th season,73.0,Lake Brantley HS,"Altamonte Springs, FL",42.0,234.0,
10,patrickdimarco/2530763,"DiMarco, Patrick",RB,2019,Regular Season,2,09/15,Away,NYG,W,28 to 14,1,0,1,1,1.0,1,0,1,3,3.0,3,0,--,--,194,buf,0.9,0,30.0,"Altamonte Springs , FL",4/30/1989,South Carolina,Active,Buffalo Bills,8th season,73.0,Lake Brantley HS,"Altamonte Springs, FL",42.0,234.0,
11,j.d.mckissic/2556440,"McKissic, J.D.",RB,2019,Regular Season,1,09/08,Away,ARI,T,27 to 27,1,0,--,--,--,--,--,2,24,12.0,12,0,--,--,56,det,3.4,4500,26.0,"Phenix City , AL",8/15/1993,Arkansas State,Active,Detroit Lions,3rd season,70.0,Central HS,"Phenix City, AL",41.0,195.0,
12,j.d.mckissic/2556440,"McKissic, J.D.",RB,2019,Regular Season,3,09/22,Away,PHI,W,27 to 24,1,0,1,44,44.0,44,0,--,--,--,--,--,--,--,278,det,4.4,4500,26.0,"Phenix City , AL",8/15/1993,Arkansas State,Active,Detroit Lions,3rd season,70.0,Central HS,"Phenix City, AL",41.0,195.0,
13,nickchubb/2561021,"Chubb, Nick",RB,2019,Regular Season,2,09/16,Away,NYJ,W,23 to 3,1,1,18,62,3.4,19T,1,4,36,9.0,13,0,--,--,127,cle,17.8,7300,23.0,"Chattanooga , TN",12/27/1995,Georgia,Active,Cleveland Browns,2nd season,71.0,Cedartown HS,GA,24.0,227.0,
14,nickchubb/2561021,"Chubb, Nick",RB,2019,Regular Season,4,09/29,Away,BAL,W,40 to 25,1,1,20,165,8.3,88T,3,3,18,6.0,10,0,--,--,338,cle,37.8,7300,23.0,"Chattanooga , TN",12/27/1995,Georgia,Active,Cleveland Browns,2nd season,71.0,Cedartown HS,GA,24.0,227.0,
15,kerryonjohnson/2560765,"Johnson, Kerryon",RB,2019,Regular Season,1,09/08,Away,ARI,T,27 to 27,1,1,16,49,3.1,9,0,2,13,6.5,7,0,--,--,34,det,7.2,7000,22.0,"Tallahassee , FL",6/30/1997,Auburn,Injured reserve,Detroit Lions,2nd season,71.0,Madison Academy HS,AL,33.0,211.0,
16,kerryonjohnson/2560765,"Johnson, Kerryon",RB,2019,Regular Season,3,09/22,Away,PHI,W,27 to 24,1,1,20,36,1.8,11,1,1,7,7.0,7,0,--,--,257,det,10.8,6600,22.0,"Tallahassee , FL",6/30/1997,Auburn,Injured reserve,Detroit Lions,2nd season,71.0,Madison Academy HS,AL,33.0,211.0,
17,derriusguice/2561000,"Guice, Derrius",RB,2019,Regular Season,1,09/08,Away,PHI,L,27 to 32,1,1,10,18,1.8,5,0,3,20,6.7,8,0,--,--,44,was,5.3,5900,22.0,USA,6/21/1997,LSU,Active,Washington Redskins,2nd season,71.0,Catholic HS,"Baton Rouge, LA",29.0,225.0,
18,javoriusallen/2552631,"Allen, Javorius",RB,2019,Regular Season,8,10/27,Away,DET,L,26 to 31,1,0,--,--,--,--,--,--,--,--,--,--,--,--,840,nyg,0.0,4700,28.0,"Tallahassee , FL",8/27/1991,USC,Active,New York Giants,5th season,72.0,Lincoln HS,"Tallahasse, FL",37.0,218.0,
19,toddgurley/2552475,"Gurley, Todd",RB,2019,Regular Season,1,09/08,Away,CAR,W,30 to 27,1,1,14,97,6.9,25,0,1,4,4.0,4,0,--,--,22,lar,10.6,7600,25.0,"Baltimore , MD",8/3/1994,Georgia,Active,Los Angeles Rams,5th season,73.0,Tarboro HS,NC,30.0,224.0,
20,toddgurley/2552475,"Gurley, Todd",RB,2019,Regular Season,3,09/22,Away,CLE,W,20 to 13,1,1,14,43,3.1,9,0,0,0,--,--,0,--,--,279,lar,4.3,6800,25.0,"Baltimore , MD",8/3/1994,Georgia,Active,Los Angeles Rams,5th season,73.0,Tarboro HS,NC,30.0,224.0,
21,toddgurley/2552475,"Gurley, Todd",RB,2019,Regular Season,5,10/03,Away,SEA,L,29 to 30,1,1,15,51,3.4,12,2,3,6,2.0,3,0,1,1,450,lar,17.2,6700,25.0,"Baltimore , MD",8/3/1994,Georgia,Active,Los Angeles Rams,5th season,73.0,Tarboro HS,NC,30.0,224.0,
22,toddgurley/2552475,"Gurley, Todd",RB,2019,Regular Season,7,10/20,Away,ATL,W,37 to 10,1,1,18,41,2.3,10,0,1,13,13.0,13T,1,--,--,657,lar,11.9,7100,25.0,"Baltimore , MD",8/3/1994,Georgia,Active,Los Angeles Rams,5th season,73.0,Tarboro HS,NC,30.0,224.0,
23,carloshyde/2543743,"Hyde, Carlos",RB,2019,Regular Season,3,09/22,Away,LAC,W,27 to 20,1,1,10,19,1.9,10,1,--,--,--,--,--,--,--,264,hou,7.9,6000,29.0,"Cincinnati , OH",9/20/1990,Ohio State,Active,Houston Texans,6th season,72.0,Princeton HS,"Cincinnati, OH",23.0,229.0,
24,carloshyde/2543743,"Hyde, Carlos",RB,2019,Regular Season,7,10/20,Away,IND,L,23 to 30,1,0,12,35,2.9,10,0,0,0,--,--,0,--,--,690,hou,3.5,6300,29.0,"Cincinnati , OH",9/20/1990,Ohio State,Active,Houston Texans,6th season,72.0,Princeton HS,"Cincinnati, OH",23.0,229.0,
25,jamaalwilliams/2558204,"Williams, Jamaal",RB,2019,Regular Season,1,09/05,Away,CHI,W,10 to 3,1,0,5,0,0.0,5,0,2,15,7.5,10,0,--,--,62,gnb,2.5,5300,24.0,"Rialto , CA",4/3/1995,Brigham Young,Active,Green Bay Packers,3rd season,72.0,Summit HS,"Fontana, CA",30.0,213.0,
26,darrellhenderson/2562574,"Henderson, Darrell",RB,2019,Regular Season,1,09/08,Away,CAR,W,30 to 27,1,0,1,0,0.0,0,0,--,--,--,--,--,--,--,112,lar,0.0,5400,22.0,"Batesville , MS",8/19/1997,Memphis,Active,Los Angeles Rams,Rookie,68.0,South Panola HS,"Batesville, MS",27.0,208.0,
27,darrellhenderson/2562574,"Henderson, Darrell",RB,2019,Regular Season,5,10/03,Away,SEA,L,29 to 30,1,0,--,--,--,--,--,--,--,--,--,--,--,--,539,lar,0.0,4500,22.0,"Batesville , MS",8/19/1997,Memphis,Active,Los Angeles Rams,Rookie,68.0,South Panola HS,"Batesville, MS",27.0,208.0,
28,darrellhenderson/2562574,"Henderson, Darrell",RB,2019,Regular Season,7,10/20,Away,ATL,W,37 to 10,1,0,11,31,2.8,9,0,1,8,8.0,8,0,--,--,684,lar,4.4,5200,22.0,"Batesville , MS",8/19/1997,Memphis,Active,Los Angeles Rams,Rookie,68.0,South Panola HS,"Batesville, MS",27.0,208.0,
29,darrelwilliams/2560935,"Williams, Darrel",RB,2019,Regular Season,2,09/15,Away,OAK,W,28 to 10,1,0,--,--,--,--,--,--,--,--,--,--,--,--,215,kan,0.0,4600,24.0,"Marrero , LA",4/15/1995,LSU,Active,Kansas City Chiefs,2nd season,71.0,John Ehret HS,"Marrero, LA",31.0,224.0,
30,darrelwilliams/2560935,"Williams, Darrel",RB,2019,Regular Season,4,09/29,Away,DET,W,34 to 30,1,0,8,13,1.6,8,2,3,43,14.3,30,0,1,1,348,kan,17.1,5500,24.0,"Marrero , LA",4/15/1995,LSU,Active,Kansas City Chiefs,2nd season,71.0,John Ehret HS,"Marrero, LA",31.0,224.0,
31,darrelwilliams/2560935,"Williams, Darrel",RB,2019,Regular Season,7,10/17,Away,DEN,W,30 to 6,1,0,2,1,0.5,1,0,2,5,2.5,6,0,--,--,704,kan,1.6,5600,24.0,"Marrero , LA",4/15/1995,LSU,Active,Kansas City Chiefs,2nd season,71.0,John Ehret HS,"Marrero, LA",31.0,224.0,
32,marlonmack/2558123,"Mack, Marlon",RB,2019,Regular Season,1,09/08,Away,LAC,L,24 to 30,1,0,25,174,7.0,63T,1,--,--,--,--,--,--,--,3,ind,25.4,6900,23.0,"Sarasota , FL",3/7/1996,South Florida,Active,Indianapolis Colts,3rd season,72.0,Booker HS,"Sarasota, FL",25.0,210.0,
33,marlonmack/2558123,"Mack, Marlon",RB,2019,Regular Season,2,09/15,Away,TEN,W,19 to 17,1,1,20,51,2.6,10,0,2,12,6.0,9,0,--,--,156,ind,7.3,7400,23.0,"Sarasota , FL",3/7/1996,South Florida,Active,Indianapolis Colts,3rd season,72.0,Booker HS,"Sarasota, FL",25.0,210.0,
34,philliplindsay/2559947,"Lindsay, Phillip",RB,2019,Regular Season,1,09/09,Away,OAK,L,16 to 24,1,1,11,43,3.9,9,0,4,23,5.8,10,0,--,--,30,den,8.6,6600,25.0,"Denver , CO",7/24/1994,Colorado,Active,Denver Broncos,2nd season,68.0,South HS,"Denver, CO",30.0,190.0,
35,philliplindsay/2559947,"Lindsay, Phillip",RB,2019,Regular Season,5,10/06,Away,LAC,W,20 to 13,1,1,15,114,7.6,32,1,4,33,8.3,13,0,--,--,446,den,22.7,6700,25.0,"Denver , CO",7/24/1994,Colorado,Active,Denver Broncos,2nd season,68.0,South HS,"Denver, CO",30.0,190.0,
36,philliplindsay/2559947,"Lindsay, Phillip",RB,2019,Regular Season,8,10/27,Away,IND,L,13 to 15,1,1,14,59,4.2,11,0,5,17,3.4,7,0,--,--,767,den,10.1,6300,25.0,"Denver , CO",7/24/1994,Colorado,Active,Denver Broncos,2nd season,68.0,South HS,"Denver, CO",30.0,190.0,
37,anthonysherman/2495340,"Sherman, Anthony",RB,2019,Regular Season,2,09/15,Away,OAK,W,28 to 10,1,0,--,--,--,--,--,--,--,--,--,--,--,--,216,kan,0.0,4500,30.0,"North Attleboro , MA",12/11/1988,Connecticut,Active,Kansas City Chiefs,9th season,70.0,North Attleboro HS,MA,42.0,242.0,
38,anthonysherman/2495340,"Sherman, Anthony",RB,2019,Regular Season,4,09/29,Away,DET,W,34 to 30,1,0,--,--,--,--,--,--,--,--,--,--,--,--,424,kan,0.0,4500,30.0,"North Attleboro , MA",12/11/1988,Connecticut,Active,Kansas City Chiefs,9th season,70.0,North Attleboro HS,MA,42.0,242.0,
39,anthonysherman/2495340,"Sherman, Anthony",RB,2019,Regular Season,7,10/17,Away,DEN,W,30 to 6,1,0,2,7,3.5,5,0,--,--,--,--,--,--,--,714,kan,0.7,4500,30.0,"North Attleboro , MA",12/11/1988,Connecticut,Active,Kansas City Chiefs,9th season,70.0,North Attleboro HS,MA,42.0,242.0,
40,aaronjones/2558116,"Jones, Aaron",RB,2019,Regular Season,1,09/05,Away,CHI,W,10 to 3,1,1,13,39,3.0,9,0,1,0,0.0,0,0,1,0,51,gnb,4.4,6800,24.0,"Savannah , GA",12/2/1994,Texas-El Paso,Active,Green Bay Packers,3rd season,69.0,Burges HS,"El Paso, TX",33.0,208.0,
41,aaronjones/2558116,"Jones, Aaron",RB,2019,Regular Season,5,10/06,Away,DAL,W,34 to 24,1,1,19,107,5.6,18T,4,7,75,10.7,22,0,--,--,441,gnb,45.7,6800,24.0,"Savannah , GA",12/2/1994,Texas-El Paso,Active,Green Bay Packers,3rd season,69.0,Burges HS,"El Paso, TX",33.0,208.0,
42,wendellsmallwood/2555461,"Smallwood, Wendell",RB,2019,Regular Season,1,09/08,Away,PHI,L,27 to 32,1,0,--,--,--,--,--,--,--,--,--,--,--,--,91,was,0.0,4700,25.0,"Wilmington , DE",1/20/1994,West Virginia,Active,Washington Redskins,4th season,70.0,Eastern Christian Academy HS,"Elkton, MD",34.0,208.0,
43,wendellsmallwood/2555461,"Smallwood, Wendell",RB,2019,Regular Season,4,09/29,Away,NYG,L,3 to 24,1,0,--,--,--,--,--,1,14,14.0,14,0,--,--,401,was,1.9,4500,25.0,"Wilmington , DE",1/20/1994,West Virginia,Active,Washington Redskins,4th season,70.0,Eastern Christian Academy HS,"Elkton, MD",34.0,208.0,
44,wendellsmallwood/2555461,"Smallwood, Wendell",RB,2019,Regular Season,6,10/13,Away,MIA,W,17 to 16,1,0,1,4,4.0,4,0,--,--,--,--,--,--,--,610,was,0.4,4500,25.0,"Wilmington , DE",1/20/1994,West Virginia,Active,Washington Redskins,4th season,70.0,Eastern Christian Academy HS,"Elkton, MD",34.0,208.0,
45,wendellsmallwood/2555461,"Smallwood, Wendell",RB,2019,Regular Season,8,10/24,Away,MIN,L,9 to 19,1,0,2,9,4.5,11,0,1,11,11.0,11,0,--,--,796,was,2.5,4500,25.0,"Wilmington , DE",1/20/1994,West Virginia,Active,Washington Redskins,4th season,70.0,Eastern Christian Academy HS,"Elkton, MD",34.0,208.0,
46,ezekielelliott/2555224,"Elliott, Ezekiel",RB,2019,Regular Season,2,09/15,Away,WAS,W,31 to 21,1,1,23,111,4.8,27,1,2,9,4.5,9,0,--,--,126,dal,19.0,8500,24.0,"Alton , IL",7/22/1995,Ohio State,Active,Dallas Cowboys,4th season,72.0,John Burroughs School HS,"St. Louis, MO",21.0,228.0,
47,ezekielelliott/2555224,"Elliott, Ezekiel",RB,2019,Regular Season,6,10/13,Away,NYJ,L,22 to 24,1,1,28,105,3.8,13,1,5,48,9.6,16,0,--,--,550,dal,23.7,8500,24.0,"Alton , IL",7/22/1995,Ohio State,Active,Dallas Cowboys,4th season,72.0,John Burroughs School HS,"St. Louis, MO",21.0,228.0,
48,giovanibernard/2540156,"Bernard, Giovani",RB,2019,Regular Season,1,09/08,Away,SEA,L,20 to 21,1,0,7,21,3.0,11,0,2,42,21.0,35,0,1,0,33,cin,7.3,5200,27.0,"West Palm Beach , FL",11/22/1991,North Carolina,Active,Cincinnati Bengals,7th season,69.0,St. Thomas Aquinas HS,"Fort Lauderdale, FL",25.0,205.0,
49,giovanibernard/2540156,"Bernard, Giovani",RB,2019,Regular Season,3,09/22,Away,BUF,L,17 to 21,1,0,3,5,1.7,4,0,2,7,3.5,5,0,--,--,292,cin,2.2,5200,27.0,"West Palm Beach , FL",11/22/1991,North Carolina,Active,Cincinnati Bengals,7th season,69.0,St. Thomas Aquinas HS,"Fort Lauderdale, FL",25.0,205.0,
50,giovanibernard/2540156,"Bernard, Giovani",RB,2019,Regular Season,4,09/30,Away,PIT,L,3 to 27,1,0,1,3,3.0,3,0,4,16,4.0,11,0,--,--,387,cin,3.9,4800,27.0,"West Palm Beach , FL",11/22/1991,North Carolina,Active,Cincinnati Bengals,7th season,69.0,St. Thomas Aquinas HS,"Fort Lauderdale, FL",25.0,205.0,
51,giovanibernard/2540156,"Bernard, Giovani",RB,2019,Regular Season,6,10/13,Away,BAL,L,17 to 23,1,0,4,4,1.0,2,0,2,20,10.0,14,0,--,--,591,cin,3.4,5000,27.0,"West Palm Beach , FL",11/22/1991,North Carolina,Active,Cincinnati Bengals,7th season,69.0,St. Thomas Aquinas HS,"Fort Lauderdale, FL",25.0,205.0,
52,chriscarson/2558865,"Carson, Chris",RB,2019,Regular Season,2,09/15,Away,PIT,W,28 to 26,1,1,15,60,4.0,21,0,3,27,9.0,10,0,1,1,151,sea,8.2,7400,25.0,"Biloxi , MS",9/16/1994,Oklahoma State,Active,Seattle Seahawks,3rd season,71.0,Parkview HS,"Liburn, GA",32.0,222.0,
53,chriscarson/2558865,"Carson, Chris",RB,2019,Regular Season,4,09/29,Away,ARI,W,27 to 10,1,1,22,104,4.7,12,0,4,41,10.3,17,0,--,--,349,sea,16.5,7000,25.0,"Biloxi , MS",9/16/1994,Oklahoma State,Active,Seattle Seahawks,3rd season,71.0,Parkview HS,"Liburn, GA",32.0,222.0,
54,chriscarson/2558865,"Carson, Chris",RB,2019,Regular Season,6,10/13,Away,CLE,W,32 to 28,1,1,24,124,5.2,25,1,4,35,8.8,21,0,--,--,549,sea,23.9,7200,25.0,"Biloxi , MS",9/16/1994,Oklahoma State,Active,Seattle Seahawks,3rd season,71.0,Parkview HS,"Liburn, GA",32.0,222.0,
55,chriscarson/2558865,"Carson, Chris",RB,2019,Regular Season,8,10/27,Away,ATL,W,27 to 20,1,1,20,90,4.5,19,1,0,0,--,--,0,--,--,757,sea,15.0,8000,25.0,"Biloxi , MS",9/16/1994,Oklahoma State,Active,Seattle Seahawks,3rd season,71.0,Parkview HS,"Liburn, GA",32.0,222.0,
56,rashaadpenny/2560835,"Penny, Rashaad",RB,2019,Regular Season,2,09/15,Away,PIT,W,28 to 26,1,0,10,62,6.2,37T,1,1,3,3.0,3,0,--,--,137,sea,13.0,5100,23.0,"Norwalk , CA",2/2/1996,San Diego State,Active,Seattle Seahawks,2nd season,71.0,Norwalk HS,CA,20.0,220.0,
57,rashaadpenny/2560835,"Penny, Rashaad",RB,2019,Regular Season,8,10/27,Away,ATL,W,27 to 20,1,0,8,55,6.9,17,0,--,--,--,--,--,--,--,784,sea,5.5,5400,23.0,"Norwalk , CA",2/2/1996,San Diego State,Active,Seattle Seahawks,2nd season,71.0,Norwalk HS,CA,20.0,220.0,
58,le'veonbell/2540175,"Bell, Le'Veon",RB,2019,Regular Season,5,10/06,Away,PHI,L,6 to 31,1,1,15,43,2.9,13,0,7,45,6.4,14,0,--,--,461,nyj,12.3,7300,27.0,"Columbus , OH",2/18/1992,Michigan State,Active,New York Jets,6th season,73.0,Groveport Madison HS,"Groveport, OH",26.0,225.0,
59,justicehill/2562407,"Hill, Justice",RB,2019,Regular Season,1,09/08,Away,MIA,W,59 to 10,1,0,7,27,3.9,13,0,--,--,--,--,--,--,--,59,bal,2.7,5000,21.0,"Tulsa , OK",11/14/1997,Oklahoma State,Active,Baltimore Ravens,Rookie,70.0,Booker T. Washington HS,"Tulsa, OK",43.0,200.0,
60,justicehill/2562407,"Hill, Justice",RB,2019,Regular Season,5,10/06,Away,PIT,W,26 to 23,1,0,2,7,3.5,4,0,--,--,--,--,--,--,--,512,bal,0.7,4500,21.0,"Tulsa , OK",11/14/1997,Oklahoma State,Active,Baltimore Ravens,Rookie,70.0,Booker T. Washington HS,"Tulsa, OK",43.0,200.0,
61,justicehill/2562407,"Hill, Justice",RB,2019,Regular Season,7,10/20,Away,SEA,W,30 to 16,1,0,--,--,--,--,--,--,--,--,--,--,--,--,722,bal,0.0,4500,21.0,"Tulsa , OK",11/14/1997,Oklahoma State,Active,Baltimore Ravens,Rookie,70.0,Booker T. Washington HS,"Tulsa, OK",43.0,200.0,
62,travishomer/2562665,"Homer, Travis",RB,2019,Regular Season,2,09/15,Away,PIT,W,28 to 26,1,0,--,--,--,--,--,--,--,--,--,--,--,--,219,sea,0.0,4500,21.0,"West Palm Beach , FL",8/7/1998,Miami (Fla.),Active,Seattle Seahawks,Rookie,70.0,Oxbridge Academy HS,"West Palm Beach, FL",25.0,202.0,
63,travishomer/2562665,"Homer, Travis",RB,2019,Regular Season,4,09/29,Away,ARI,W,27 to 10,1,0,--,--,--,--,--,--,--,--,--,--,--,--,428,sea,0.0,4500,21.0,"West Palm Beach , FL",8/7/1998,Miami (Fla.),Active,Seattle Seahawks,Rookie,70.0,Oxbridge Academy HS,"West Palm Beach, FL",25.0,202.0,
64,travishomer/2562665,"Homer, Travis",RB,2019,Regular Season,6,10/13,Away,CLE,W,32 to 28,1,0,--,--,--,--,--,--,--,--,--,--,--,--,636,sea,0.0,4500,21.0,"West Palm Beach , FL",8/7/1998,Miami (Fla.),Active,Seattle Seahawks,Rookie,70.0,Oxbridge Academy HS,"West Palm Beach, FL",25.0,202.0,
65,travishomer/2562665,"Homer, Travis",RB,2019,Regular Season,8,10/27,Away,ATL,W,27 to 20,1,0,--,--,--,--,--,--,--,--,--,--,--,--,839,sea,0.0,4500,21.0,"West Palm Beach , FL",8/7/1998,Miami (Fla.),Active,Seattle Seahawks,Rookie,70.0,Oxbridge Academy HS,"West Palm Beach, FL",25.0,202.0,
66,devontaebooker/2555223,"Booker, Devontae",RB,2019,Regular Season,1,09/09,Away,OAK,L,16 to 24,1,0,--,--,--,--,--,--,--,--,--,--,--,--,101,den,0.0,4500,27.0,"Sacramento , CA",5/27/1992,Utah,Active,Denver Broncos,4th season,71.0,Grant Union HS,"Sacramento, CA",23.0,219.0,
67,devontaebooker/2555223,"Booker, Devontae",RB,2019,Regular Season,5,10/06,Away,LAC,W,20 to 13,1,0,--,--,--,--,--,--,--,--,--,--,--,--,530,den,0.0,4500,27.0,"Sacramento , CA",5/27/1992,Utah,Active,Denver Broncos,4th season,71.0,Grant Union HS,"Sacramento, CA",23.0,219.0,
68,itosmith/2559924,"Smith, Ito",RB,2019,Regular Season,1,09/08,Away,MIN,L,12 to 28,1,0,6,31,5.2,16,0,1,9,9.0,9,0,--,--,50,atl,4.5,5400,24.0,"Mobile , AL",9/11/1995,Southern Mississippi,Injured reserve,Atlanta Falcons,2nd season,69.0,McGill-Toolen HS,"Mobile, AL",25.0,195.0,
69,itosmith/2559924,"Smith, Ito",RB,2019,Regular Season,3,09/22,Away,IND,L,24 to 27,1,0,1,0,0.0,0,0,--,--,--,--,--,--,--,317,atl,0.0,5300,24.0,"Mobile , AL",9/11/1995,Southern Mississippi,Injured reserve,Atlanta Falcons,2nd season,69.0,McGill-Toolen HS,"Mobile, AL",25.0,195.0,
70,itosmith/2559924,"Smith, Ito",RB,2019,Regular Season,5,10/06,Away,HOU,L,32 to 53,1,0,5,19,3.8,11,0,6,45,7.5,10,0,--,--,473,atl,9.4,4800,24.0,"Mobile , AL",9/11/1995,Southern Mississippi,Injured reserve,Atlanta Falcons,2nd season,69.0,McGill-Toolen HS,"Mobile, AL",25.0,195.0,
71,itosmith/2559924,"Smith, Ito",RB,2019,Regular Season,6,10/13,Away,ARI,L,33 to 34,1,0,3,6,2.0,3,0,--,--,--,--,--,--,--,608,atl,0.6,5000,24.0,"Mobile , AL",9/11/1995,Southern Mississippi,Injured reserve,Atlanta Falcons,2nd season,69.0,McGill-Toolen HS,"Mobile, AL",25.0,195.0,
72,cullengillaspia/2562906,"Gillaspia, Cullen",RB,2019,Regular Season,3,09/22,Away,LAC,W,27 to 20,1,0,--,--,--,--,--,--,--,--,--,--,--,--,318,hou,0.0,4500,24.0,"Katy , TX",5/12/1995,Texas A&M,Active,Houston Texans,Rookie,74.0,Katy Taylor HS,"Katy, TX",44.0,235.0,
73,cullengillaspia/2562906,"Gillaspia, Cullen",RB,2019,Regular Season,7,10/20,Away,IND,L,23 to 30,1,0,--,--,--,--,--,--,--,--,--,--,--,--,727,hou,0.0,4500,24.0,"Katy , TX",5/12/1995,Texas A&M,Active,Houston Texans,Rookie,74.0,Katy Taylor HS,"Katy, TX",44.0,235.0,
74,davidfluellen/2550289,"Fluellen, David",RB,2019,Regular Season,1,09/08,Away,CLE,W,43 to 13,1,0,--,--,--,--,--,--,--,--,--,--,--,--,115,ten,0.0,4500,27.0,"Tacoma , WA",1/28/1992,Toledo,Injured reserve,Tennessee Titans,3rd season,71.0,Lockport HS,NY,32.0,224.0,
75,davidfluellen/2550289,"Fluellen, David",RB,2019,Regular Season,4,09/29,Away,ATL,W,24 to 10,1,0,--,--,--,--,--,--,--,--,--,--,--,--,437,ten,0.0,4500,27.0,"Tacoma , WA",1/28/1992,Toledo,Injured reserve,Tennessee Titans,3rd season,71.0,Lockport HS,NY,32.0,224.0,
76,bilalpowell/2495328,"Powell, Bilal",RB,2019,Regular Season,5,10/06,Away,PHI,L,6 to 31,1,0,1,4,4.0,4,0,--,--,--,--,--,--,--,513,nyj,0.4,4500,31.0,"Lakeland , FL",10/27/1988,Louisville,Active,New York Jets,9th season,70.0,Lake Gibson HS,"Lakeland, FL",29.0,204.0,
77,elijhaapenny/2556762,"Penny, Elijhaa",RB,2019,Regular Season,1,09/08,Away,DAL,L,17 to 35,1,1,2,3,1.5,2,0,--,--,--,--,--,--,--,81,nyg,0.3,4500,26.0,"Downey , CA",8/17/1993,Idaho,Active,New York Giants,3rd season,73.0,Norwalk HS,CA},39.0,250.0,
78,elijhaapenny/2556762,"Penny, Elijhaa",RB,2019,Regular Season,8,10/27,Away,DET,L,26 to 31,1,0,1,3,3.0,3,0,--,--,--,--,--,--,--,819,nyg,0.3,4500,26.0,"Downey , CA",8/17/1993,Idaho,Active,New York Giants,3rd season,73.0,Norwalk HS,CA},39.0,250.0,
79,justinjackson/2560756,"Jackson, Justin",RB,2019,Regular Season,2,09/15,Away,DET,L,10 to 13,1,0,7,59,8.4,40,0,1,5,5.0,5,0,--,--,159,lac,6.9,6100,23.0,"Chicago , IL",4/22/1996,Northwestern,Active,Los Angeles Chargers,2nd season,72.0,Glenbard North HS,"Carol Stream, IL",22.0,199.0,
80,rexburkhead/2539265,"Burkhead, Rex",RB,2019,Regular Season,2,09/15,Away,MIA,W,43 to 0,1,0,5,21,4.2,12,0,2,47,23.5,32,0,--,--,154,nwe,7.8,4600,29.0,"Lexington , KY",7/2/1990,Nebraska,Active,New England Patriots,7th season,70.0,Plano HS,TX,34.0,215.0,
81,rexburkhead/2539265,"Burkhead, Rex",RB,2019,Regular Season,4,09/29,Away,BUF,W,16 to 10,1,0,--,--,--,--,--,1,7,7.0,7,0,--,--,406,nwe,1.2,5600,29.0,"Lexington , KY",7/2/1990,Nebraska,Active,New England Patriots,7th season,70.0,Plano HS,TX,34.0,215.0,
82,devinsingletary/2562734,"Singletary, Devin",RB,2019,Regular Season,1,09/08,Away,NYJ,W,17 to 16,1,1,4,70,17.5,23,0,5,28,5.6,12,0,--,--,15,buf,12.3,5300,22.0,"Deerfield Beach , FL",9/3/1997,Florida Atlantic,Active,Buffalo Bills,Rookie,67.0,American Heritage HS,"Plantation, FL",26.0,203.0,
83,devinsingletary/2562734,"Singletary, Devin",RB,2019,Regular Season,2,09/15,Away,NYG,W,28 to 14,1,0,6,57,9.5,20,1,--,--,--,--,--,--,--,141,buf,11.7,5700,22.0,"Deerfield Beach , FL",9/3/1997,Florida Atlantic,Active,Buffalo Bills,Rookie,67.0,American Heritage HS,"Plantation, FL",26.0,203.0,
84,zachzenner/2553631,"Zenner, Zach",RB,2019,Regular Season,7,10/20,Away,CHI,W,36 to 25,1,0,1,1,1.0,1,0,1,6,6.0,6,0,--,--,708,nor,1.2,0,28.0,"Eagan , MN",9/13/1991,South Dakota,Active,Arizona Cardinals,5th season,71.0,Eagan HS,MN,22.0,221.0,
85,reggiebonnafon/2561184,"Bonnafon, Reggie",RB,2019,Regular Season,3,09/22,Away,ARI,W,38 to 20,1,0,2,5,2.5,4,0,--,--,--,--,--,--,--,302,car,0.5,4500,23.0,"Louisville , KY",1/4/1996,Louisville,Active,Carolina Panthers,1st season,72.0,,,39.0,215.0,
86,reggiebonnafon/2561184,"Bonnafon, Reggie",RB,2019,Regular Season,4,09/29,Away,HOU,W,16 to 10,1,0,--,--,--,--,--,--,--,--,--,--,--,--,418,car,0.0,4500,23.0,"Louisville , KY",1/4/1996,Louisville,Active,Carolina Panthers,1st season,72.0,,,39.0,215.0,
87,waynegallman/2557952,"Gallman, Wayne",RB,2019,Regular Season,1,09/08,Away,DAL,L,17 to 35,1,0,2,17,8.5,15,1,3,24,8.0,13,0,--,--,17,nyg,11.6,4500,25.0,"Jacksonville , FL",10/1/1994,Clemson,Active,New York Giants,3rd season,72.0,Grayson HS,"Loganville, GA",22.0,216.0,
88,waynegallman/2557952,"Gallman, Wayne",RB,2019,Regular Season,8,10/27,Away,DET,L,26 to 31,1,0,--,--,--,--,--,1,20,20.0,20,0,--,--,797,nyg,2.5,5000,25.0,"Jacksonville , FL",10/1/1994,Clemson,Active,New York Giants,3rd season,72.0,Grayson HS,"Loganville, GA",22.0,216.0,
89,patrickricard/2558990,"Ricard, Patrick",FB,2019,Regular Season,1,09/08,Away,MIA,W,59 to 10,1,1,--,--,--,--,--,1,1,1.0,1T,1,--,--,39,bal,6.6,4500,25.0,"Spencer , MA",5/27/1994,Maine,Active,Baltimore Ravens,3rd season,75.0,David Prouty HS,"Spencer, MA",42.0,303.0,
90,saquonbarkley/2560968,"Barkley, Saquon",RB,2019,Regular Season,1,09/08,Away,DAL,L,17 to 35,1,1,11,120,10.9,59,0,4,19,4.8,9,0,1,0,12,nyg,15.9,9200,22.0,"Bronx , NY",2/9/1997,Penn State,Active,New York Giants,2nd season,72.0,Whitehall HS,PA,26.0,233.0,
91,saquonbarkley/2560968,"Barkley, Saquon",RB,2019,Regular Season,8,10/27,Away,DET,L,26 to 31,1,1,19,64,3.4,13,0,8,79,9.9,38,1,--,--,748,nyg,24.3,8600,22.0,"Bronx , NY",2/9/1997,Penn State,Active,New York Giants,2nd season,72.0,Whitehall HS,PA,26.0,233.0,
92,deandrewashington/2555464,"Washington, DeAndre",RB,2019,Regular Season,3,09/22,Away,MIN,L,14 to 34,1,0,6,22,3.7,8,0,--,--,--,--,--,--,--,293,oak,2.2,4500,26.0,"Houston , TX",2/22/1993,Texas Tech,Active,Oakland Raiders,4th season,68.0,Thurgood Marshall HS,"Missouri City, TX",33.0,210.0,
93,deandrewashington/2555464,"Washington, DeAndre",RB,2019,Regular Season,4,09/29,Away,IND,W,31 to 24,1,0,6,18,3.0,7,0,2,8,4.0,7,0,--,--,390,oak,3.6,4500,26.0,"Houston , TX",2/22/1993,Texas Tech,Active,Oakland Raiders,4th season,68.0,Thurgood Marshall HS,"Missouri City, TX",33.0,210.0,
94,deandrewashington/2555464,"Washington, DeAndre",RB,2019,Regular Season,8,10/27,Away,HOU,L,24 to 27,1,0,5,23,4.6,6,0,1,4,4.0,4,0,--,--,795,oak,3.2,4500,26.0,"Houston , TX",2/22/1993,Texas Tech,Active,Oakland Raiders,4th season,68.0,Thurgood Marshall HS,"Missouri City, TX",33.0,210.0,
95,lataviusmurray/2541161,"Murray, Latavius",RB,2019,Regular Season,3,09/22,Away,SEA,W,33 to 27,1,0,2,2,1.0,2,0,--,--,--,--,--,--,--,306,nor,0.2,5600,29.0,"Titusville , FL",1/18/1990,Central Florida,Active,New Orleans Saints,7th season,75.0,Onondaga HS,"Nedrow, NY",28.0,230.0,
96,lataviusmurray/2541161,"Murray, Latavius",RB,2019,Regular Season,7,10/20,Away,CHI,W,36 to 25,1,1,27,119,4.4,17,2,5,31,6.2,12,0,--,--,646,nor,29.5,5300,29.0,"Titusville , FL",1/18/1990,Central Florida,Active,New Orleans Saints,7th season,75.0,Onondaga HS,"Nedrow, NY",28.0,230.0,
97,chandlercox/2562959,"Cox, Chandler",FB,2019,Regular Season,3,09/22,Away,DAL,L,6 to 31,1,0,--,--,--,--,--,--,--,--,--,--,--,--,320,mia,0.0,4500,23.0,"Sandy , UT",7/29/1996,Auburn,Active,Miami Dolphins,Rookie,73.0,Apopka HS,FL,38.0,240.0,
98,chandlercox/2562959,"Cox, Chandler",FB,2019,Regular Season,7,10/20,Away,BUF,L,21 to 31,1,0,--,--,--,--,--,--,--,--,--,--,--,--,728,mia,0.0,4500,23.0,"Sandy , UT",7/29/1996,Auburn,Active,Miami Dolphins,Rookie,73.0,Apopka HS,FL,38.0,240.0,
99,chandlercox/2562959,"Cox, Chandler",FB,2019,Regular Season,8,10/28,Away,PIT,L,14 to 27,1,1,--,--,--,--,--,--,--,--,--,--,--,--,831,mia,0.0,4500,23.0,"Sandy , UT",7/29/1996,Auburn,Active,Miami Dolphins,Rookie,73.0,Apopka HS,FL,38.0,240.0,
100,frankgore/2506404,"Gore, Frank",RB,2019,Regular Season,1,09/08,Away,NYJ,W,17 to 16,1,0,11,20,1.8,9,0,--,--,--,--,--,--,--,65,buf,2.0,4900,36.0,"Miami , FL",5/14/1983,Miami (Fla.),Active,Buffalo Bills,15th season,69.0,Coral Gables HS,FL,20.0,212.0,
101,frankgore/2506404,"Gore, Frank",RB,2019,Regular Season,2,09/15,Away,NYG,W,28 to 14,1,1,19,68,3.6,9,1,2,15,7.5,9,0,--,--,133,buf,15.3,4900,36.0,"Miami , FL",5/14/1983,Miami (Fla.),Active,Buffalo Bills,15th season,69.0,Coral Gables HS,FL,20.0,212.0,
102,frankgore/2506404,"Gore, Frank",RB,2019,Regular Season,5,10/06,Away,TEN,W,14 to 7,1,1,14,60,4.3,19,0,2,9,4.5,6,0,--,--,475,buf,7.9,5700,36.0,"Miami , FL",5/14/1983,Miami (Fla.),Active,Buffalo Bills,15th season,69.0,Coral Gables HS,FL,20.0,212.0,
103,jameswhite/2543773,"White, James",RB,2019,Regular Season,2,09/15,Away,MIA,W,43 to 0,1,0,3,10,3.3,5,0,3,19,6.3,10T,1,--,--,144,nwe,10.4,6300,27.0,"Fort Lauderdale , FL",2/3/1992,Wisconsin,Active,New England Patriots,6th season,70.0,St. Thomas Aquinas HS,"Fort Lauderdale, FL",28.0,205.0,
104,jameswhite/2543773,"White, James",RB,2019,Regular Season,4,09/29,Away,BUF,W,16 to 10,1,0,1,1,1.0,1,0,8,57,7.1,26,0,--,--,365,nwe,9.8,6200,27.0,"Fort Lauderdale , FL",2/3/1992,Wisconsin,Active,New England Patriots,6th season,70.0,St. Thomas Aquinas HS,"Fort Lauderdale, FL",28.0,205.0,
105,jameswhite/2543773,"White, James",RB,2019,Regular Season,5,10/06,Away,WAS,W,33 to 7,1,0,6,26,4.3,7,0,6,46,7.7,21,0,--,--,470,nwe,10.2,6200,27.0,"Fort Lauderdale , FL",2/3/1992,Wisconsin,Active,New England Patriots,6th season,70.0,St. Thomas Aquinas HS,"Fort Lauderdale, FL",28.0,205.0,
106,jameswhite/2543773,"White, James",RB,2019,Regular Season,7,10/21,Away,NYJ,W,33 to 0,1,0,5,0,0.0,3,0,7,59,8.4,22,0,--,--,659,nwe,9.4,6000,27.0,"Fort Lauderdale , FL",2/3/1992,Wisconsin,Active,New England Patriots,6th season,70.0,St. Thomas Aquinas HS,"Fort Lauderdale, FL",28.0,205.0,
107,mikedavis/2553439,"Davis, Mike",,2019,Regular Season,2,09/15,Away,DEN,W,16 to 14,1,0,3,1,0.3,2,0,--,--,--,--,--,--,--,202,chi,0.1,4900,26.0,"Atlanta , GA",2/19/1993,South Carolina,Cut from team,,Season,69.0,,,,221.0,
108,mikedavis/2553439,"Davis, Mike",,2019,Regular Season,3,09/23,Away,WAS,W,31 to 15,1,0,1,2,2.0,2,0,--,--,--,--,--,--,--,305,chi,0.2,4900,26.0,"Atlanta , GA",2/19/1993,South Carolina,Cut from team,,Season,69.0,,,,221.0,
109,mikedavis/2553439,"Davis, Mike",,2019,Regular Season,5,10/06,Away,OAK,L,21 to 24,1,0,--,--,--,--,--,--,--,--,--,--,--,--,525,chi,0.0,4700,26.0,"Atlanta , GA",2/19/1993,South Carolina,Cut from team,,Season,69.0,,,,221.0,
110,jamesconner/2557978,"Conner, James",RB,2019,Regular Season,6,10/13,Away,LAC,W,24 to 17,1,1,16,41,2.6,12T,1,7,78,11.1,26T,1,--,--,545,pit,27.4,6600,24.0,"Erie , PA",5/5/1995,Pittsburgh,Active,Pittsburgh Steelers,3rd season,73.0,McDowell HS,"Erie, PA",30.0,233.0,
111,malcolmbrown/2552382,"Brown, Malcolm",RB,2019,Regular Season,1,09/08,Away,CAR,W,30 to 27,1,0,11,53,4.8,17,2,--,--,--,--,--,--,--,11,lar,17.3,4900,26.0,"Biloxi , MS",5/15/1993,Texas,Active,Los Angeles Rams,4th season,71.0,Byron P. Steele II HS,"Cibolo, TX",34.0,222.0,
112,malcolmbrown/2552382,"Brown, Malcolm",RB,2019,Regular Season,3,09/22,Away,CLE,W,20 to 13,1,0,3,7,2.3,4,0,0,0,--,--,0,--,--,300,lar,0.7,5500,26.0,"Biloxi , MS",5/15/1993,Texas,Active,Los Angeles Rams,4th season,71.0,Byron P. Steele II HS,"Cibolo, TX",34.0,222.0,
113,malcolmbrown/2552382,"Brown, Malcolm",RB,2019,Regular Season,5,10/03,Away,SEA,L,29 to 30,1,0,1,3,3.0,3,0,--,--,--,--,--,--,--,516,lar,0.3,5100,26.0,"Biloxi , MS",5/15/1993,Texas,Active,Los Angeles Rams,4th season,71.0,Byron P. Steele II HS,"Cibolo, TX",34.0,222.0,
114,troymainepope/2557531,"Pope, Troymaine",RB,2019,Regular Season,4,09/29,Away,MIA,W,30 to 10,1,0,10,20,2.0,8,0,2,14,7.0,13T,1,--,--,362,lac,10.4,4500,25.0,"Anniston , AL",11/29/1993,Jacksonville State,Active,Los Angeles Chargers,2nd season,68.0,Anniston HS,AL,35.0,205.0,
115,troymainepope/2557531,"Pope, Troymaine",RB,2019,Regular Season,7,10/20,Away,TEN,L,20 to 23,1,0,--,--,--,--,--,--,--,--,--,--,--,--,723,lac,0.0,5000,25.0,"Anniston , AL",11/29/1993,Jacksonville State,Active,Los Angeles Chargers,2nd season,68.0,Anniston HS,AL,35.0,205.0,
116,troymainepope/2557531,"Pope, Troymaine",RB,2019,Regular Season,8,10/27,Away,CHI,W,17 to 16,1,0,--,--,--,--,--,--,--,--,--,--,--,--,825,lac,0.0,5000,25.0,"Anniston , AL",11/29/1993,Jacksonville State,Active,Los Angeles Chargers,2nd season,68.0,Anniston HS,AL,35.0,205.0,
117,taiwanjones/2495467,"Jones, Taiwan",RB,2019,Regular Season,7,10/20,Away,IND,L,23 to 30,1,0,--,--,--,--,--,--,--,--,--,--,--,--,738,hou,0.0,4500,31.0,"San Francisco , CA",7/26/1988,Eastern Washington,Active,Houston Texans,9th season,72.0,Deer Valley HS,"Antioch, CA",34.0,195.0,
118,joemixon/2557976,"Mixon, Joe",RB,2019,Regular Season,1,09/08,Away,SEA,L,20 to 21,1,1,6,10,1.7,6,0,2,7,3.5,10,0,--,--,60,cin,2.7,7800,23.0,"San Francisco , CA",7/24/1996,Oklahoma,Active,Cincinnati Bengals,3rd season,73.0,Freedom HS,"Oakley, CA",28.0,220.0,
119,joemixon/2557976,"Mixon, Joe",RB,2019,Regular Season,3,09/22,Away,BUF,L,17 to 21,1,1,15,60,4.0,14,0,2,34,17.0,33,1,--,--,239,cin,16.5,6500,23.0,"San Francisco , CA",7/24/1996,Oklahoma,Active,Cincinnati Bengals,3rd season,73.0,Freedom HS,"Oakley, CA",28.0,220.0,
120,joemixon/2557976,"Mixon, Joe",RB,2019,Regular Season,4,09/30,Away,PIT,L,3 to 27,1,1,15,62,4.1,15,0,4,1,0.3,3,0,--,--,371,cin,8.3,6800,23.0,"San Francisco , CA",7/24/1996,Oklahoma,Active,Cincinnati Bengals,3rd season,73.0,Freedom HS,"Oakley, CA",28.0,220.0,
121,joemixon/2557976,"Mixon, Joe",RB,2019,Regular Season,6,10/13,Away,BAL,L,17 to 23,1,1,8,10,1.3,3,0,2,29,14.5,23,0,--,--,585,cin,4.9,6400,23.0,"San Francisco , CA",7/24/1996,Oklahoma,Active,Cincinnati Bengals,3rd season,73.0,Freedom HS,"Oakley, CA",28.0,220.0,
122,tylerervin/2555234,"Ervin, Tyler",RB,2019,Regular Season,2,09/15,Away,HOU,L,12 to 13,1,0,--,--,--,--,--,--,--,--,--,--,--,--,221,jac,0.0,4500,26.0,"San Bernardino , CA",10/7/1993,San Jose State,Active,Jacksonville Jaguars,4th season,70.0,Colton HS,CA,24.0,185.0,
123,tylerervin/2555234,"Ervin, Tyler",RB,2019,Regular Season,4,09/29,Away,DEN,W,26 to 24,1,0,--,--,--,--,--,--,--,--,--,--,--,--,430,jac,0.0,4500,26.0,"San Bernardino , CA",10/7/1993,San Jose State,Active,Jacksonville Jaguars,4th season,70.0,Colton HS,CA,24.0,185.0,
124,tylerervin/2555234,"Ervin, Tyler",RB,2019,Regular Season,7,10/20,Away,CIN,W,27 to 17,1,0,--,--,--,--,--,--,--,--,--,--,--,--,737,jac,0.0,4500,26.0,"San Bernardino , CA",10/7/1993,San Jose State,Active,Jacksonville Jaguars,4th season,70.0,Colton HS,CA,24.0,185.0,
125,jalenrichard/2556885,"Richard, Jalen",RB,2019,Regular Season,3,09/22,Away,MIN,L,14 to 34,1,0,2,15,7.5,11,0,3,14,4.7,9,0,1,0,276,oak,4.4,5100,26.0,"Baton Rouge , LA",10/15/1993,Southern Mississippi,Active,Oakland Raiders,4th season,68.0,Peabody HS,"Alexandria, LA",30.0,205.0,
126,jalenrichard/2556885,"Richard, Jalen",RB,2019,Regular Season,4,09/29,Away,IND,W,31 to 24,1,0,4,17,4.3,13,0,1,1,1.0,1,0,--,--,400,oak,2.3,5000,26.0,"Baton Rouge , LA",10/15/1993,Southern Mississippi,Active,Oakland Raiders,4th season,68.0,Peabody HS,"Alexandria, LA",30.0,205.0,
127,jalenrichard/2556885,"Richard, Jalen",RB,2019,Regular Season,8,10/27,Away,HOU,L,24 to 27,1,0,1,3,3.0,3,0,2,24,12.0,20,0,--,--,791,oak,3.7,5000,26.0,"Baton Rouge , LA",10/15/1993,Southern Mississippi,Active,Oakland Raiders,4th season,68.0,Peabody HS,"Alexandria, LA",30.0,205.0,
128,brianhill/2558112,"Hill, Brian",RB,2019,Regular Season,5,10/06,Away,HOU,L,32 to 53,1,0,--,--,--,--,--,--,--,--,--,--,--,--,543,atl,0.0,4500,24.0,"East St. Louis , IL",11/9/1995,Wyoming,Active,Atlanta Falcons,3rd season,73.0,Belleville West HS,IL,23.0,219.0,
129,alvinkamara/2558019,"Kamara, Alvin",RB,2019,Regular Season,3,09/22,Away,SEA,W,33 to 27,1,1,16,69,4.3,16,1,9,92,10.2,29T,1,--,--,233,nor,32.6,8000,24.0,"Atlanta , GA",7/25/1995,Tennessee,Active,New Orleans Saints,3rd season,70.0,Norcross HS,GA,41.0,215.0,
130,melvingordon/2552469,"Gordon, Melvin",RB,2019,Regular Season,7,10/20,Away,TEN,L,20 to 23,1,1,16,32,2.0,6,0,2,-3,-1.5,1T,1,2,1,664,lac,7.9,6600,26.0,"Kenosha , WI",4/13/1993,Wisconsin,Active,Los Angeles Chargers,5th season,73.0,Mary Bradford HS,"Kenosha, WI",25.0,215.0,
131,melvingordon/2552469,"Gordon, Melvin",RB,2019,Regular Season,8,10/27,Away,CHI,W,17 to 16,1,1,8,31,3.9,19T,1,2,3,1.5,3,0,--,--,765,lac,10.4,6400,26.0,"Kenosha , WI",4/13/1993,Wisconsin,Active,Los Angeles Chargers,5th season,73.0,Mary Bradford HS,"Kenosha, WI",25.0,215.0,
132,darwinthompson/2562832,"Thompson, Darwin",RB,2019,Regular Season,2,09/15,Away,OAK,W,28 to 10,1,0,1,1,1.0,1,0,--,--,--,--,--,--,--,201,kan,0.1,4500,22.0,"Tulsa , OK",2/12/1997,Utah State,Active,Kansas City Chiefs,Rookie,68.0,Jenks HS,"Tulsa, OK",34.0,200.0,
133,darwinthompson/2562832,"Thompson, Darwin",RB,2019,Regular Season,4,09/29,Away,DET,W,34 to 30,1,0,--,--,--,--,--,--,--,--,--,--,--,--,415,kan,0.0,4500,22.0,"Tulsa , OK",2/12/1997,Utah State,Active,Kansas City Chiefs,Rookie,68.0,Jenks HS,"Tulsa, OK",34.0,200.0,
134,bennysnell/2562743,"Snell, Benny",RB,2019,Regular Season,6,10/13,Away,LAC,W,24 to 17,1,0,17,75,4.4,20,0,1,14,14.0,14,0,--,--,573,pit,9.4,4500,21.0,"Columbus , OH",2/27/1998,Kentucky,Active,Pittsburgh Steelers,Rookie,70.0,Westerville Central HS,"Westerville, OH",24.0,224.0,
135,mattbreida/2558918,"Breida, Matt",RB,2019,Regular Season,2,09/15,Away,CIN,W,41 to 17,1,1,12,121,10.1,34,0,1,11,11.0,11,0,--,--,135,sfo,13.7,5600,24.0,"Brandenton , FL",2/28/1995,Georgia Southern,Active,San Francisco 49ers,3rd season,71.0,Nature Coast Tech HS,"Brooksville, FL",22.0,195.0,
136,mattbreida/2558918,"Breida, Matt",RB,2019,Regular Season,7,10/20,Away,WAS,W,9 to 0,1,1,8,35,4.4,11,0,1,1,1.0,1,0,--,--,686,sfo,4.1,5600,24.0,"Brandenton , FL",2/28/1995,Georgia Southern,Active,San Francisco 49ers,3rd season,71.0,Nature Coast Tech HS,"Brooksville, FL",22.0,195.0,
137,damienwilliams/2550512,"Williams, Damien",RB,2019,Regular Season,2,09/15,Away,OAK,W,28 to 10,1,1,9,8,0.9,5,0,3,48,16.0,32,0,--,--,158,kan,7.1,6600,27.0,"San Diego , CA",4/3/1992,Oklahoma,Active,Kansas City Chiefs,6th season,71.0,Mira Mesa HS,"San Diego, CA",26.0,224.0,
138,damienwilliams/2550512,"Williams, Damien",RB,2019,Regular Season,7,10/17,Away,DEN,W,30 to 6,1,0,9,7,0.8,4,0,2,-1,-0.5,1,0,--,--,703,kan,1.6,6000,27.0,"San Diego , CA",4/3/1992,Oklahoma,Active,Kansas City Chiefs,6th season,71.0,Mira Mesa HS,"San Diego, CA",26.0,224.0,
139,tymontgomery/2552429,"Montgomery, Ty",RB,2019,Regular Season,5,10/06,Away,PHI,L,6 to 31,1,0,2,1,0.5,4,0,--,--,--,--,--,--,--,519,nyj,0.1,4600,26.0,"Jackson , MS",1/22/1993,Stanford,Active,New York Jets,5th season,72.0,St. Mark's School HS,"Dallas, TX",88.0,216.0,
140,milessanders/2562722,"Sanders, Miles",RB,2019,Regular Season,2,09/15,Away,ATL,L,20 to 24,1,1,10,28,2.8,5,0,3,9,3.0,7,0,--,--,165,phi,5.2,5400,22.0,"Pittsburgh , PA",5/1/1997,Penn State,Active,Philadelphia Eagles,Rookie,71.0,Woodland Hills HS,PA,26.0,211.0,
141,milessanders/2562722,"Sanders, Miles",RB,2019,Regular Season,6,10/13,Away,MIN,L,20 to 38,1,0,3,6,2.0,3,0,3,86,28.7,45,1,--,--,554,phi,16.7,5700,22.0,"Pittsburgh , PA",5/1/1997,Penn State,Active,Philadelphia Eagles,Rookie,71.0,Woodland Hills HS,PA,26.0,211.0,
142,milessanders/2562722,"Sanders, Miles",RB,2019,Regular Season,7,10/20,Away,DAL,L,10 to 37,1,0,6,21,3.5,7,0,3,11,3.7,5,0,--,--,681,phi,4.7,5800,22.0,"Pittsburgh , PA",5/1/1997,Penn State,Active,Philadelphia Eagles,Rookie,71.0,Woodland Hills HS,PA,26.0,211.0,
143,milessanders/2562722,"Sanders, Miles",RB,2019,Regular Season,8,10/27,Away,BUF,W,31 to 13,1,0,3,74,24.7,65T,1,3,44,14.7,25,0,--,--,751,phi,21.3,5800,22.0,"Pittsburgh , PA",5/1/1997,Penn State,Active,Philadelphia Eagles,Rookie,71.0,Woodland Hills HS,PA,26.0,211.0,
144,dalyndawkins/2561524,"Dawkins, Dalyn",RB,2019,Regular Season,6,10/13,Away,DEN,L,0 to 16,1,0,2,2,1.0,1,0,--,--,--,--,--,--,--,612,ten,0.2,4500,24.0,"Louisville , KY",12/26/1994,Colorado State,dev?,Tennessee Titans,2nd season,67.0,Trinity HS,"Louisville, KY",28.0,183.0,
145,ryquellarmstead/2562622,"Armstead, Ryquell",RB,2019,Regular Season,2,09/15,Away,HOU,L,12 to 13,1,0,--,--,--,--,--,--,--,--,--,--,--,--,222,jac,0.0,4500,23.0,"Bridgeton , NJ",10/30/1996,Temple,Active,Jacksonville Jaguars,Rookie,71.0,Millville HS,"Millville, NJ",23.0,220.0,
146,ryquellarmstead/2562622,"Armstead, Ryquell",RB,2019,Regular Season,4,09/29,Away,DEN,W,26 to 24,1,0,8,42,5.3,16,0,1,7,7.0,7T,1,--,--,359,jac,11.4,4500,23.0,"Bridgeton , NJ",10/30/1996,Temple,Active,Jacksonville Jaguars,Rookie,71.0,Millville HS,"Millville, NJ",23.0,220.0,
147,ryquellarmstead/2562622,"Armstead, Ryquell",RB,2019,Regular Season,5,10/06,Away,CAR,L,27 to 34,1,0,1,-1,-1.0,-1,0,1,7,7.0,7,0,--,--,509,jac,1.1,4500,23.0,"Bridgeton , NJ",10/30/1996,Temple,Active,Jacksonville Jaguars,Rookie,71.0,Millville HS,"Millville, NJ",23.0,220.0,
148,ryquellarmstead/2562622,"Armstead, Ryquell",RB,2019,Regular Season,7,10/20,Away,CIN,W,27 to 17,1,0,3,3,1.0,6,0,0,0,--,--,0,--,--,716,jac,0.3,4500,23.0,"Bridgeton , NJ",10/30/1996,Temple,Active,Jacksonville Jaguars,Rookie,71.0,Millville HS,"Millville, NJ",23.0,220.0,
149,treyedmunds/2559325,"Edmunds, Trey",RB,2019,Regular Season,6,10/13,Away,LAC,W,24 to 17,1,0,--,--,--,--,--,--,--,--,--,--,--,--,629,pit,0.0,4500,24.0,"Danville , VA",12/30/1994,Maryland,Active,Pittsburgh Steelers,2nd season,74.0,Dan River HS,"Ringgold, VA",33.0,223.0,
150,nyheimhines/2560742,"Hines, Nyheim",RB,2019,Regular Season,1,09/08,Away,LAC,L,24 to 30,1,1,4,13,3.3,6,0,4,4,1.0,8,0,--,--,52,ind,3.7,5300,22.0,"Raleigh , NC",11/12/1996,North Carolina State,Active,Indianapolis Colts,2nd season,69.0,Garner HS,NC,21.0,196.0,
151,nyheimhines/2560742,"Hines, Nyheim",RB,2019,Regular Season,2,09/15,Away,TEN,W,19 to 17,1,0,2,9,4.5,5,0,1,5,5.0,5,0,--,--,183,ind,1.9,5300,22.0,"Raleigh , NC",11/12/1996,North Carolina State,Active,Indianapolis Colts,2nd season,69.0,Garner HS,NC,21.0,196.0,
152,d'ernestjohnson/2563327,"Johnson, D'Ernest",RB,2019,Regular Season,2,09/16,Away,NYJ,W,23 to 3,1,0,3,8,2.7,6,0,3,42,14.0,27,0,--,--,161,cle,6.5,4700,23.0,,2/27/1996,South Florida,Active,Cleveland Browns,1st season,70.0,Immokalee HS,"Immokalee, FL",30.0,208.0,
153,d'ernestjohnson/2563327,"Johnson, D'Ernest",RB,2019,Regular Season,4,09/29,Away,BAL,W,40 to 25,1,0,--,--,--,--,--,--,--,--,--,--,--,--,425,cle,0.0,4700,23.0,,2/27/1996,South Florida,Active,Cleveland Browns,1st season,70.0,Immokalee HS,"Immokalee, FL",30.0,208.0,
154,michaelburton/2552636,"Burton, Michael",RB,2019,Regular Season,8,10/24,Away,MIN,L,9 to 19,1,0,--,--,--,--,--,--,--,--,--,--,--,--,824,was,0.0,4500,27.0,"Long Valley , NJ",2/1/1992,Rutgers,Active,Washington Redskins,5th season,72.0,West Morris Central HS,Chester. NJ,45.0,240.0,
155,dontrellhilliard/2561461,"Hilliard, Dontrell",RB,2019,Regular Season,4,09/29,Away,BAL,W,40 to 25,1,0,6,27,4.5,11,1,2,27,13.5,19,0,--,--,357,cle,12.4,4800,24.0,"Baton Rouge , LA",2/26/1995,Tulane,Active,Cleveland Browns,2nd season,71.0,Scotlandville HS,"Baton Rouge, LA",25.0,202.0,
156,ameerabdullah/2552374,"Abdullah, Ameer",RB,2019,Regular Season,4,09/29,Away,CHI,L,6 to 16,1,0,--,--,--,--,--,2,14,7.0,8,0,--,--,399,min,2.4,4500,26.0,"Mobile , AL",6/13/1993,Nebraska,Active,Minnesota Vikings,5th season,69.0,Homewood HS,AL,31.0,203.0,
157,ameerabdullah/2552374,"Abdullah, Ameer",RB,2019,Regular Season,5,10/06,Away,NYG,W,28 to 10,1,0,3,24,8.0,15,0,--,--,--,--,--,--,--,500,min,2.4,4500,26.0,"Mobile , AL",6/13/1993,Nebraska,Active,Minnesota Vikings,5th season,69.0,Homewood HS,AL,31.0,203.0,
158,ameerabdullah/2552374,"Abdullah, Ameer",RB,2019,Regular Season,7,10/20,Away,DET,W,42 to 30,1,0,--,--,--,--,--,--,--,--,--,--,--,--,730,min,0.0,4500,26.0,"Mobile , AL",6/13/1993,Nebraska,Active,Minnesota Vikings,5th season,69.0,Homewood HS,AL,31.0,203.0,
159,tyjohnson/2562293,"Johnson, Ty",RB,2019,Regular Season,1,09/08,Away,ARI,T,27 to 27,1,0,1,6,6.0,6,0,--,--,--,--,--,--,--,76,det,0.6,4500,22.0,"Cumberland , MD",9/17/1997,Maryland,Active,Detroit Lions,Rookie,70.0,Fort Hill HS,"Cumberland, MD",31.0,210.0,
160,tyjohnson/2562293,"Johnson, Ty",RB,2019,Regular Season,3,09/22,Away,PHI,W,27 to 24,1,0,4,5,1.3,3,0,1,0,0.0,0,0,--,--,297,det,1.0,4500,22.0,"Cumberland , MD",9/17/1997,Maryland,Active,Detroit Lions,Rookie,70.0,Fort Hill HS,"Cumberland, MD",31.0,210.0,
161,dalvincook/2557991,"Cook, Dalvin",RB,2019,Regular Season,4,09/29,Away,CHI,L,6 to 16,1,1,14,35,2.5,9,1,6,35,5.8,13,0,--,--,350,min,16.0,8300,24.0,"Opa Locka , FL",8/10/1995,Florida State,Active,Minnesota Vikings,3rd season,70.0,Miami Central HS,FL,33.0,210.0,
162,dalvincook/2557991,"Cook, Dalvin",RB,2019,Regular Season,5,10/06,Away,NYG,W,28 to 10,1,1,21,132,6.3,41,0,6,86,14.3,24,0,2,1,445,min,22.8,8200,24.0,"Opa Locka , FL",8/10/1995,Florida State,Active,Minnesota Vikings,3rd season,70.0,Miami Central HS,FL,33.0,210.0,
163,dalvincook/2557991,"Cook, Dalvin",RB,2019,Regular Season,7,10/20,Away,DET,W,42 to 30,1,1,25,142,5.7,23,2,1,7,7.0,7,0,--,--,647,min,27.4,8300,24.0,"Opa Locka , FL",8/10/1995,Florida State,Active,Minnesota Vikings,3rd season,70.0,Miami Central HS,FL,33.0,210.0,
164,tarikcohen/2558250,"Cohen, Tarik",RB,2019,Regular Season,2,09/15,Away,DEN,W,16 to 14,1,0,4,18,4.5,9,0,2,7,3.5,16,0,--,--,172,chi,3.5,6100,24.0,"Queens , NY",7/26/1995,North Carolina A&T,Active,Chicago Bears,3rd season,66.0,Bunn HS,NC,29.0,181.0,
165,tarikcohen/2558250,"Cohen, Tarik",RB,2019,Regular Season,3,09/23,Away,WAS,W,31 to 15,1,1,4,-2,-0.5,1,0,2,26,13.0,24,0,--,--,284,chi,3.4,5800,24.0,"Queens , NY",7/26/1995,North Carolina A&T,Active,Chicago Bears,3rd season,66.0,Bunn HS,NC,29.0,181.0,
166,tarikcohen/2558250,"Cohen, Tarik",RB,2019,Regular Season,5,10/06,Away,OAK,L,21 to 24,1,1,4,10,2.5,4,0,6,39,6.5,12,0,--,--,476,chi,7.9,5900,24.0,"Queens , NY",7/26/1995,North Carolina A&T,Active,Chicago Bears,3rd season,66.0,Bunn HS,NC,29.0,181.0,
167,bostonscott/2561146,"Scott, Boston",RB,2019,Regular Season,6,10/13,Away,MIN,L,20 to 38,1,0,4,30,7.5,15,0,--,--,--,--,--,--,--,596,phi,3.0,4500,24.0,"Baton Rouge , LA",4/27/1995,Louisiana Tech,Active,Philadelphia Eagles,1st season,66.0,Zachary HS,LA,35.0,203.0,
168,bostonscott/2561146,"Scott, Boston",RB,2019,Regular Season,7,10/20,Away,DAL,L,10 to 37,1,0,7,32,4.6,14,0,1,5,5.0,5,0,1,0,685,phi,4.2,4500,24.0,"Baton Rouge , LA",4/27/1995,Louisiana Tech,Active,Philadelphia Eagles,1st season,66.0,Zachary HS,LA,35.0,203.0,
169,bostonscott/2561146,"Scott, Boston",RB,2019,Regular Season,8,10/27,Away,BUF,W,31 to 13,1,0,5,6,1.2,5,1,--,--,--,--,--,1,1,788,phi,4.6,4500,24.0,"Baton Rouge , LA",4/27/1995,Louisiana Tech,Active,Philadelphia Eagles,1st season,66.0,Zachary HS,LA,35.0,203.0,
170,peytonbarber/2556466,"Barber, Peyton",RB,2019,Regular Season,2,09/12,Away,CAR,W,20 to 14,1,1,23,82,3.6,16T,1,1,7,7.0,7,0,--,--,132,tam,15.4,5400,25.0,"Roswell , GA",2/27/1994,Auburn,Active,Tampa Bay Buccaneers,4th season,71.0,Milton HS,"Alpharetta, GA",25.0,225.0,
171,peytonbarber/2556466,"Barber, Peyton",RB,2019,Regular Season,8,10/27,Away,TEN,L,23 to 27,1,1,10,20,2.0,5,0,1,8,8.0,8,0,--,--,794,tam,3.3,5300,25.0,"Roswell , GA",2/27/1994,Auburn,Active,Tampa Bay Buccaneers,4th season,71.0,Milton HS,"Alpharetta, GA",25.0,225.0,
172,c.j.ham/2556803,"Ham, C.J.",FB,2019,Regular Season,4,09/29,Away,CHI,L,6 to 16,1,1,--,--,--,--,--,3,10,3.3,4,0,--,--,397,min,2.5,4500,26.0,"Chicago , IL",7/22/1993,Augustana (S.D.),Active,Minnesota Vikings,3rd season,71.0,Denfeld HS,"Duluth, MN",30.0,235.0,
173,c.j.ham/2556803,"Ham, C.J.",FB,2019,Regular Season,5,10/06,Away,NYG,W,28 to 10,1,0,--,--,--,--,--,1,-1,-1.0,-1,0,--,--,514,min,0.4,4500,26.0,"Chicago , IL",7/22/1993,Augustana (S.D.),Active,Minnesota Vikings,3rd season,71.0,Denfeld HS,"Duluth, MN",30.0,235.0,
174,c.j.ham/2556803,"Ham, C.J.",FB,2019,Regular Season,7,10/20,Away,DET,W,42 to 30,1,0,1,9,9.0,9,0,1,5,5.0,5T,1,--,--,663,min,7.9,4500,26.0,"Chicago , IL",7/22/1993,Augustana (S.D.),Active,Minnesota Vikings,3rd season,71.0,Denfeld HS,"Duluth, MN",30.0,235.0,
175,andyjanovich/2555432,"Janovich, Andy",FB,2019,Regular Season,5,10/06,Away,LAC,W,20 to 13,1,0,--,--,--,--,--,--,--,--,--,--,--,--,537,den,0.0,4500,26.0,"Omaha , NE",5/23/1993,Nebraska,Active,Denver Broncos,4th season,73.0,Gretna HS,NE,32.0,238.0,
176,andyjanovich/2555432,"Janovich, Andy",FB,2019,Regular Season,8,10/27,Away,IND,L,13 to 15,1,1,--,--,--,--,--,2,9,4.5,7,0,--,--,801,den,1.9,4500,26.0,"Omaha , NE",5/23/1993,Nebraska,Active,Denver Broncos,4th season,73.0,Gretna HS,NE,32.0,238.0,
177,t.j.yeldon/2552471,"Yeldon, T.J.",RB,2019,Regular Season,1,09/08,Away,NYJ,W,17 to 16,1,0,--,--,--,--,--,--,--,--,--,--,--,--,114,buf,0.0,4600,26.0,"Daphne , AL",10/2/1993,Alabama,Active,Buffalo Bills,5th season,73.0,Daphne HS,AL,22.0,223.0,
178,t.j.yeldon/2552471,"Yeldon, T.J.",RB,2019,Regular Season,2,09/15,Away,NYG,W,28 to 14,1,0,--,--,--,--,--,--,--,--,--,--,--,--,225,buf,0.0,4600,26.0,"Daphne , AL",10/2/1993,Alabama,Active,Buffalo Bills,5th season,73.0,Daphne HS,AL,22.0,223.0,
179,t.j.yeldon/2552471,"Yeldon, T.J.",RB,2019,Regular Season,5,10/06,Away,TEN,W,14 to 7,1,0,2,15,7.5,11,0,4,13,3.3,8,0,--,--,487,buf,4.8,4800,26.0,"Daphne , AL",10/2/1993,Alabama,Active,Buffalo Bills,5th season,73.0,Daphne HS,AL,22.0,223.0,
180,markwalton/2560915,"Walton, Mark",RB,2019,Regular Season,7,10/20,Away,BUF,L,21 to 31,1,1,14,66,4.7,19,0,1,-8,-8.0,-8,0,--,--,676,mia,6.3,4900,22.0,"Miami , FL",3/29/1997,Miami (Fla.),Suspended,Miami Dolphins,2nd season,70.0,Booker T. Washington HS,"Miami, FL",22.0,200.0,
181,markwalton/2560915,"Walton, Mark",RB,2019,Regular Season,8,10/28,Away,PIT,L,14 to 27,1,1,11,35,3.2,9,0,3,19,6.3,9,0,1,1,787,mia,4.9,5300,22.0,"Miami , FL",3/29/1997,Miami (Fla.),Suspended,Miami Dolphins,2nd season,70.0,Booker T. Washington HS,"Miami, FL",22.0,200.0,
182,coreyclement/2559150,"Clement, Corey",RB,2019,Regular Season,2,09/15,Away,ATL,L,20 to 24,1,0,--,--,--,--,--,--,--,--,--,--,1,1,231,phi,-2.0,4500,25.0,"Glassboro , NJ",11/2/1994,Wisconsin,Injured reserve,Philadelphia Eagles,3rd season,70.0,Glassboro HS,NJ,30.0,220.0,
183,roycefreeman/2560733,"Freeman, Royce",RB,2019,Regular Season,1,09/09,Away,OAK,L,16 to 24,1,0,10,56,5.6,26,0,1,5,5.0,5,0,--,--,38,den,6.6,5900,23.0,"Brawley , CA",2/24/1996,Oregon,Active,Denver Broncos,2nd season,72.0,Imperial HS,CA,28.0,238.0,
184,roycefreeman/2560733,"Freeman, Royce",RB,2019,Regular Season,5,10/06,Away,LAC,W,20 to 13,1,0,13,61,4.7,11,0,2,6,3.0,6,0,--,--,477,den,7.7,5400,23.0,"Brawley , CA",2/24/1996,Oregon,Active,Denver Broncos,2nd season,72.0,Imperial HS,CA,28.0,238.0,
185,roycefreeman/2560733,"Freeman, Royce",RB,2019,Regular Season,8,10/27,Away,IND,L,13 to 15,1,0,12,40,3.3,10,1,1,5,5.0,5,0,--,--,763,den,11.0,5700,23.0,"Brawley , CA",2/24/1996,Oregon,Active,Denver Broncos,2nd season,72.0,Imperial HS,CA,28.0,238.0,
186,kenyandrake/2555230,"Drake, Kenyan",RB,2019,Regular Season,3,09/22,Away,DAL,L,6 to 31,1,1,12,38,3.2,8,0,3,34,11.3,19,0,1,1,268,mia,6.7,5300,25.0,"Powder Springs , GA",1/26/1994,Alabama,Active,Arizona Cardinals,4th season,73.0,Hillgrove HS,"Powder Springs, GA",41.0,211.0,
187,kenyandrake/2555230,"Drake, Kenyan",RB,2019,Regular Season,7,10/20,Away,BUF,L,21 to 31,1,0,6,21,3.5,11,0,3,37,12.3,26,0,--,--,667,mia,7.3,5400,25.0,"Powder Springs , GA",1/26/1994,Alabama,Active,Arizona Cardinals,4th season,73.0,Hillgrove HS,"Powder Springs, GA",41.0,211.0,
188,tonypollard/2562699,"Pollard, Tony",RB,2019,Regular Season,2,09/15,Away,WAS,W,31 to 21,1,0,4,22,5.5,10,0,1,3,3.0,3,0,--,--,177,dal,3.0,4800,22.0,"Memphis , TN",4/30/1997,Memphis,Active,Dallas Cowboys,Rookie,72.0,Melrose HS,"Memphis, TN",20.0,215.0,
189,tonypollard/2562699,"Pollard, Tony",RB,2019,Regular Season,6,10/13,Away,NYJ,L,22 to 24,1,0,3,13,4.3,10,0,--,--,--,--,--,--,--,603,dal,1.3,5000,22.0,"Memphis , TN",4/30/1997,Memphis,Active,Dallas Cowboys,Rookie,72.0,Melrose HS,"Memphis, TN",20.0,215.0,
190,c.j.prosise/2555417,"Prosise, C.J.",RB,2019,Regular Season,2,09/15,Away,PIT,W,28 to 26,1,0,2,7,3.5,5,0,3,13,4.3,9,0,--,--,173,sea,3.5,4500,25.0,"Hopewell , VA",5/20/1994,Notre Dame,Active,Seattle Seahawks,4th season,73.0,Woodberry Forest HS,VA,22.0,225.0,
191,c.j.prosise/2555417,"Prosise, C.J.",RB,2019,Regular Season,4,09/29,Away,ARI,W,27 to 10,1,0,3,4,1.3,9T,1,--,--,--,--,--,--,--,381,sea,6.4,4800,25.0,"Hopewell , VA",5/20/1994,Notre Dame,Active,Seattle Seahawks,4th season,73.0,Woodberry Forest HS,VA,22.0,225.0,
192,c.j.prosise/2555417,"Prosise, C.J.",RB,2019,Regular Season,6,10/13,Away,CLE,W,32 to 28,1,0,3,8,2.7,5,0,1,15,15.0,15,0,1,1,607,sea,0.8,4600,25.0,"Hopewell , VA",5/20/1994,Notre Dame,Active,Seattle Seahawks,4th season,73.0,Woodberry Forest HS,VA,22.0,225.0,
193,devontafreeman/2543583,"Freeman, Devonta",RB,2019,Regular Season,1,09/08,Away,MIN,L,12 to 28,1,1,8,19,2.4,5,0,3,12,4.0,7,0,1,1,61,atl,2.6,6700,27.0,"Baxley , GA",3/15/1992,Florida State,Active,Atlanta Falcons,6th season,68.0,Miami Central HS,FL,24.0,206.0,
194,devontafreeman/2543583,"Freeman, Devonta",RB,2019,Regular Season,3,09/22,Away,IND,L,24 to 27,1,1,16,88,5.5,28,0,3,7,2.3,7,0,--,--,256,atl,11.0,6200,27.0,"Baxley , GA",3/15/1992,Florida State,Active,Atlanta Falcons,6th season,68.0,Miami Central HS,FL,24.0,206.0,
195,devontafreeman/2543583,"Freeman, Devonta",RB,2019,Regular Season,5,10/06,Away,HOU,L,32 to 53,1,1,11,30,2.7,21,0,5,40,8.0,9T,1,--,--,456,atl,15.5,6200,27.0,"Baxley , GA",3/15/1992,Florida State,Active,Atlanta Falcons,6th season,68.0,Miami Central HS,FL,24.0,206.0,
196,devontafreeman/2543583,"Freeman, Devonta",RB,2019,Regular Season,6,10/13,Away,ARI,L,33 to 34,1,1,19,88,4.6,15,0,3,30,10.0,12T,2,--,--,547,atl,25.3,6600,27.0,"Baxley , GA",3/15/1992,Florida State,Active,Atlanta Falcons,6th season,68.0,Miami Central HS,FL,24.0,206.0,
197,johnkelly/2560777,"Kelly, John",RB,2019,Regular Season,7,10/20,Away,ATL,W,37 to 10,1,0,3,9,3.0,6,0,--,--,--,--,--,--,--,711,lar,0.9,4500,23.0,"Detroit , MI",10/4/1996,Tennessee,Active,Los Angeles Rams,2nd season,70.0,Oak Park HS,MI,42.0,205.0,
198,brandonbolden/2532797,"Bolden, Brandon",RB,2019,Regular Season,4,09/29,Away,BUF,W,16 to 10,1,0,1,4,4.0,4T,1,--,--,--,--,--,--,--,380,nwe,6.4,4500,29.0,"Baton Rouge , LA",1/26/1990,Mississippi,Active,New England Patriots,8th season,71.0,Scotlandville HS,"Baton Rouge, LA",38.0,220.0,
199,brandonbolden/2532797,"Bolden, Brandon",RB,2019,Regular Season,5,10/06,Away,WAS,W,33 to 7,1,0,5,13,2.6,5,0,1,29,29.0,29T,1,--,--,468,nwe,10.7,4800,29.0,"Baton Rouge , LA",1/26/1990,Mississippi,Active,New England Patriots,8th season,71.0,Scotlandville HS,"Baton Rouge, LA",38.0,220.0,
200,brandonbolden/2532797,"Bolden, Brandon",RB,2019,Regular Season,7,10/21,Away,NYJ,W,33 to 0,1,0,1,2,2.0,2,0,4,39,9.8,28,0,--,--,677,nwe,6.1,5000,29.0,"Baton Rouge , LA",1/26/1990,Mississippi,Active,New England Patriots,8th season,71.0,Scotlandville HS,"Baton Rouge, LA",38.0,220.0,
201,tevincoleman/2552453,"Coleman, Tevin",RB,2019,Regular Season,7,10/20,Away,WAS,W,9 to 0,1,0,20,62,3.1,9,0,2,-1,-0.5,0,0,--,--,668,sfo,7.1,6200,26.0,"Atlanta , GA",4/16/1993,Indiana,Active,San Francisco 49ers,5th season,73.0,Oak Forest HS,IL,26.0,210.0,
202,chaseedmonds/2560711,"Edmonds, Chase",RB,2019,Regular Season,2,09/15,Away,BAL,L,17 to 23,1,0,1,2,2.0,2,0,2,15,7.5,10,0,--,--,179,ari,2.7,5100,23.0,"Bloomfield , NJ",4/13/1996,Fordham,Active,Arizona Cardinals,2nd season,69.0,Central Dauphin East HS,"Harrisburg, PA",29.0,205.0,
203,chaseedmonds/2560711,"Edmonds, Chase",RB,2019,Regular Season,5,10/06,Away,CIN,W,26 to 23,1,0,8,68,8.5,37T,1,3,18,6.0,8,0,--,--,454,ari,16.1,4700,23.0,"Bloomfield , NJ",4/13/1996,Fordham,Active,Arizona Cardinals,2nd season,69.0,Central Dauphin East HS,"Harrisburg, PA",29.0,205.0,
204,chaseedmonds/2560711,"Edmonds, Chase",RB,2019,Regular Season,7,10/20,Away,NYG,W,27 to 21,1,0,27,126,4.7,22T,3,2,24,12.0,12,0,--,--,645,ari,34.0,5500,23.0,"Bloomfield , NJ",4/13/1996,Fordham,Active,Arizona Cardinals,2nd season,69.0,Central Dauphin East HS,"Harrisburg, PA",29.0,205.0,
205,darrensproles/2506467,"Sproles, Darren",RB,2019,Regular Season,2,09/15,Away,ATL,L,20 to 24,1,0,--,--,--,--,--,2,5,2.5,3,0,--,--,190,phi,1.5,4600,36.0,"Waterloo , IA",6/20/1983,Kansas State,Active,Philadelphia Eagles,15th season,66.0,Olathe North HS,KS,43.0,190.0,
206,damienharris/2562281,"Harris, Damien",RB,2019,Regular Season,7,10/21,Away,NYJ,W,33 to 0,1,0,4,12,3.0,13,0,--,--,--,--,--,--,--,706,nwe,1.2,4500,22.0,"Richmond , KY",2/11/1997,Alabama,Active,New England Patriots,Rookie,71.0,Madison Southern HS,"Berea, KY",37.0,213.0,
207,alexandermattison/2562682,"Mattison, Alexander",RB,2019,Regular Season,4,09/29,Away,CHI,L,6 to 16,1,0,2,5,2.5,3,0,1,8,8.0,8,0,--,--,403,min,1.8,4900,21.0,"San Bernardio , CA",6/19/1998,Boise State,Active,Minnesota Vikings,Rookie,71.0,San Bernardino HS,"San Bernardino, CA",25.0,220.0,
208,alexandermattison/2562682,"Mattison, Alexander",RB,2019,Regular Season,5,10/06,Away,NYG,W,28 to 10,1,0,7,52,7.4,19,0,--,--,--,--,--,--,--,485,min,5.2,4900,21.0,"San Bernardio , CA",6/19/1998,Boise State,Active,Minnesota Vikings,Rookie,71.0,San Bernardino HS,"San Bernardino, CA",25.0,220.0,
209,alexandermattison/2562682,"Mattison, Alexander",RB,2019,Regular Season,7,10/20,Away,DET,W,42 to 30,1,0,7,18,2.6,9,0,--,--,--,--,--,--,--,701,min,1.8,5200,21.0,"San Bernardio , CA",6/19/1998,Boise State,Active,Minnesota Vikings,Rookie,71.0,San Bernardino HS,"San Bernardino, CA",25.0,220.0,
210,samajeperine/2558138,"Perine, Samaje",RB,2019,Regular Season,1,09/08,Away,SEA,L,20 to 21,1,0,--,--,--,--,--,--,--,--,--,--,--,--,108,cin,0.0,4500,24.0,"Jackson , AL",9/16/1995,Oklahoma,dev?,Cincinnati Bengals,3rd season,71.0,Hendrickson HS,"Pflugerville, TX",34.0,240.0,
211,samajeperine/2558138,"Perine, Samaje",RB,2019,Regular Season,3,09/22,Away,BUF,L,17 to 21,1,0,--,--,--,--,--,--,--,--,--,--,--,--,331,cin,0.0,4500,24.0,"Jackson , AL",9/16/1995,Oklahoma,dev?,Cincinnati Bengals,3rd season,71.0,Hendrickson HS,"Pflugerville, TX",34.0,240.0,
212,samajeperine/2558138,"Perine, Samaje",RB,2019,Regular Season,4,09/30,Away,PIT,L,3 to 27,1,0,--,--,--,--,--,--,--,--,--,--,--,--,432,cin,0.0,4500,24.0,"Jackson , AL",9/16/1995,Oklahoma,dev?,Cincinnati Bengals,3rd season,71.0,Hendrickson HS,"Pflugerville, TX",34.0,240.0,
213,samajeperine/2558138,"Perine, Samaje",RB,2019,Regular Season,6,10/13,Away,BAL,L,17 to 23,1,0,--,--,--,--,--,--,--,--,--,--,--,--,640,cin,0.0,4500,24.0,"Jackson , AL",9/16/1995,Oklahoma,dev?,Cincinnati Bengals,3rd season,71.0,Hendrickson HS,"Pflugerville, TX",34.0,240.0,
214,t.j.logan/2558273,"Logan, T.J.",RB,2019,Regular Season,2,09/12,Away,CAR,W,20 to 14,1,0,--,--,--,--,--,--,--,--,--,--,--,--,226,tam,0.0,4500,25.0,"Kodiak , AK",9/3/1994,North Carolina,Active,Tampa Bay Buccaneers,3rd season,71.0,Northern Guilford HS,"Greensboro, NC",22.0,195.0,
215,t.j.logan/2558273,"Logan, T.J.",RB,2019,Regular Season,8,10/27,Away,TEN,L,23 to 27,1,0,--,--,--,--,--,--,--,--,--,--,--,--,847,tam,0.0,4500,25.0,"Kodiak , AK",9/3/1994,North Carolina,Active,Tampa Bay Buccaneers,3rd season,71.0,Northern Guilford HS,"Greensboro, NC",22.0,195.0,
216,dareogunbowale/2559362,"Ogunbowale, Dare",RB,2019,Regular Season,2,09/12,Away,CAR,W,20 to 14,1,0,--,--,--,--,--,1,9,9.0,9,0,--,--,191,tam,1.4,4500,25.0,"Milwaukee , WI",5/4/1994,Wisconsin,Active,Tampa Bay Buccaneers,1st season,71.0,Marquette University HS,"Milwaukee, WI",44.0,205.0,
217,dareogunbowale/2559362,"Ogunbowale, Dare",RB,2019,Regular Season,8,10/27,Away,TEN,L,23 to 27,1,0,1,-2,-2.0,-2,0,1,3,3.0,3,0,--,--,815,tam,0.6,5000,25.0,"Milwaukee , WI",5/4/1994,Wisconsin,Active,Tampa Bay Buccaneers,1st season,71.0,Marquette University HS,"Milwaukee, WI",44.0,205.0,
218,mikeboone/2561099,"Boone, Mike",RB,2019,Regular Season,4,09/29,Away,CHI,L,6 to 16,1,0,--,--,--,--,--,--,--,--,--,--,--,--,416,min,0.0,4500,24.0,"Macclenny , FL",6/30/1995,Cincinnati,Active,Minnesota Vikings,2nd season,70.0,Baker Co. HS,"Glen St. Mary, FL",23.0,206.0,
219,mikeboone/2561099,"Boone, Mike",RB,2019,Regular Season,5,10/06,Away,NYG,W,28 to 10,1,0,--,--,--,--,--,--,--,--,--,--,--,--,520,min,0.0,4500,24.0,"Macclenny , FL",6/30/1995,Cincinnati,Active,Minnesota Vikings,2nd season,70.0,Baker Co. HS,"Glen St. Mary, FL",23.0,206.0,
220,mikeboone/2561099,"Boone, Mike",RB,2019,Regular Season,7,10/20,Away,DET,W,42 to 30,1,0,--,--,--,--,--,--,--,--,--,--,--,--,721,min,0.0,4500,24.0,"Macclenny , FL",6/30/1995,Cincinnati,Active,Minnesota Vikings,2nd season,70.0,Baker Co. HS,"Glen St. Mary, FL",23.0,206.0,
221,buddyhowell/2561344,"Howell, Buddy",RB,2019,Regular Season,3,09/22,Away,LAC,W,27 to 20,1,0,--,--,--,--,--,--,--,--,--,--,--,--,325,hou,0.0,4500,23.0,"Miami , FL",3/27/1996,Florida Atlantic,Active,Houston Texans,2nd season,73.0,Coral Gables HS,FL,38.0,218.0,
222,buddyhowell/2561344,"Howell, Buddy",RB,2019,Regular Season,7,10/20,Away,IND,L,23 to 30,1,0,--,--,--,--,--,--,--,--,--,--,--,--,732,hou,0.0,4500,23.0,"Miami , FL",3/27/1996,Florida Atlantic,Active,Houston Texans,2nd season,73.0,Coral Gables HS,FL,38.0,218.0,
223,jordanwilkins/2560933,"Wilkins, Jordan",RB,2019,Regular Season,1,09/08,Away,LAC,L,24 to 30,1,0,--,--,--,--,--,--,--,--,--,--,--,--,93,ind,0.0,4600,25.0,"Memphis , TN",7/18/1994,Mississippi,Active,Indianapolis Colts,2nd season,73.0,St. Benedict HS,"Cordova, TN",20.0,216.0,
224,jordanwilkins/2560933,"Wilkins, Jordan",RB,2019,Regular Season,2,09/15,Away,TEN,W,19 to 17,1,0,5,82,16.4,55,0,1,4,4.0,4,0,--,--,147,ind,9.1,4600,25.0,"Memphis , TN",7/18/1994,Mississippi,Active,Indianapolis Colts,2nd season,73.0,St. Benedict HS,"Cordova, TN",20.0,216.0,
225,ronaldjones/2560770,"Jones, Ronald",RB,2019,Regular Season,2,09/12,Away,CAR,W,20 to 14,1,0,4,9,2.3,12,0,--,--,--,--,--,--,--,193,tam,0.9,5500,22.0,"Fort Stewart , GA",8/3/1997,USC,Active,Tampa Bay Buccaneers,2nd season,71.0,North HS,"McKinney, TX",27.0,208.0,
226,ronaldjones/2560770,"Jones, Ronald",RB,2019,Regular Season,8,10/27,Away,TEN,L,23 to 27,1,0,11,35,3.2,7,0,1,17,17.0,17,0,--,--,781,tam,5.7,5600,22.0,"Fort Stewart , GA",8/3/1997,USC,Active,Tampa Bay Buccaneers,2nd season,71.0,North HS,"McKinney, TX",27.0,208.0,
227,gusedwards/2561324,"Edwards, Gus",RB,2019,Regular Season,1,09/08,Away,MIA,W,59 to 10,1,0,17,56,3.3,11,0,--,--,--,--,--,--,--,42,bal,5.6,4800,24.0,"Brooklyn , NY",4/13/1995,Rutgers,Active,Baltimore Ravens,2nd season,73.0,Tottenville HS,"Staten Island, NY",35.0,238.0,
228,gusedwards/2561324,"Edwards, Gus",RB,2019,Regular Season,5,10/06,Away,PIT,W,26 to 23,1,0,5,17,3.4,7,0,1,6,6.0,6,0,--,--,497,bal,2.8,5100,24.0,"Brooklyn , NY",4/13/1995,Rutgers,Active,Baltimore Ravens,2nd season,73.0,Tottenville HS,"Staten Island, NY",35.0,238.0,
229,gusedwards/2561324,"Edwards, Gus",RB,2019,Regular Season,7,10/20,Away,SEA,W,30 to 16,1,0,8,35,4.4,14,0,--,--,--,--,--,--,--,689,bal,3.5,4800,24.0,"Brooklyn , NY",4/13/1995,Rutgers,Active,Baltimore Ravens,2nd season,73.0,Tottenville HS,"Staten Island, NY",35.0,238.0,
230,kylejuszczyk/2540230,"Juszczyk, Kyle",FB,2019,Regular Season,2,09/15,Away,CIN,W,41 to 17,1,1,1,6,6.0,6,0,1,5,5.0,5,0,--,--,188,sfo,1.6,4600,28.0,"Medina , OH",4/23/1991,Harvard,Active,San Francisco 49ers,7th season,73.0,Cloverleaf HS,"Lodi, OH",44.0,235.0,
231,kalenballage/2560967,"Ballage, Kalen",RB,2019,Regular Season,3,09/22,Away,DAL,L,6 to 31,1,0,8,17,2.1,6,0,1,10,10.0,10,0,--,--,286,mia,3.2,4900,23.0,"Arvada , CO",12/22/1995,Arkansas State,Active,Miami Dolphins,2nd season,74.0,Falcon HS,CO,27.0,231.0,
232,kalenballage/2560967,"Ballage, Kalen",RB,2019,Regular Season,7,10/20,Away,BUF,L,21 to 31,1,0,3,7,2.3,3T,1,--,--,--,--,--,--,--,673,mia,6.7,4600,23.0,"Arvada , CO",12/22/1995,Arkansas State,Active,Miami Dolphins,2nd season,74.0,Falcon HS,CO,27.0,231.0,
233,kalenballage/2560967,"Ballage, Kalen",RB,2019,Regular Season,8,10/28,Away,PIT,L,14 to 27,1,0,3,8,2.7,4,0,1,11,11.0,11,0,--,--,799,mia,2.4,4600,23.0,"Arvada , CO",12/22/1995,Arkansas State,Active,Miami Dolphins,2nd season,74.0,Falcon HS,CO,27.0,231.0,
234,raheemmostert/2553728,"Mostert, Raheem",RB,2019,Regular Season,2,09/15,Away,CIN,W,41 to 17,1,0,13,83,6.4,20,0,3,68,22.7,39T,1,--,--,123,sfo,22.6,5600,27.0,"Daytona Beach , FL",4/9/1992,Purdue,Active,San Francisco 49ers,5th season,70.0,New Smyrna Beach HS,FL,31.0,205.0,
235,raheemmostert/2553728,"Mostert, Raheem",RB,2019,Regular Season,7,10/20,Away,WAS,W,9 to 0,1,0,--,--,--,--,--,--,--,--,--,--,--,--,720,sfo,0.0,5000,27.0,"Daytona Beach , FL",4/9/1992,Purdue,Active,San Francisco 49ers,5th season,70.0,New Smyrna Beach HS,FL,31.0,205.0,
236,c.j.anderson/2540269,"Anderson, C.J.",,2019,Regular Season,1,09/08,Away,ARI,T,27 to 27,1,0,11,35,3.2,9,0,--,--,--,--,--,--,--,55,det,3.5,5300,28.0,"Richmond , CA",2/10/1991,California,Cut from team,,Season,68.0,,,,225.0,
237,zachline/2539303,"Line, Zach",FB,2019,Regular Season,3,09/22,Away,SEA,W,33 to 27,1,0,1,0,0.0,0,0,--,--,--,--,--,--,--,316,nor,0.0,4500,29.0,"Royal Oak , MI",4/26/1990,Southern Methodist,Active,New Orleans Saints,7th season,73.0,Oxford HS,MI,42.0,233.0,
238,zachline/2539303,"Line, Zach",FB,2019,Regular Season,7,10/20,Away,CHI,W,36 to 25,1,0,1,3,3.0,3,0,1,12,12.0,12,0,--,--,699,nor,2.0,4500,29.0,"Royal Oak , MI",4/26/1990,Southern Methodist,Active,New Orleans Saints,7th season,73.0,Oxford HS,MI,42.0,233.0,
239,keithsmith/2550400,"Smith, Keith",RB,2019,Regular Season,1,09/08,Away,MIN,L,12 to 28,1,0,--,--,--,--,--,--,--,--,--,--,--,--,103,atl,0.0,4500,27.0,"Pomona , CA",4/8/1992,San Jose State,Active,Atlanta Falcons,6th season,72.0,Charter Oak HS,"Covina, CA",40.0,240.0,
240,keithsmith/2550400,"Smith, Keith",RB,2019,Regular Season,6,10/13,Away,ARI,L,33 to 34,1,0,1,2,2.0,2,0,--,--,--,--,--,--,--,613,atl,0.2,0,27.0,"Pomona , CA",4/8/1992,San Jose State,Active,Atlanta Falcons,6th season,72.0,Charter Oak HS,"Covina, CA",40.0,240.0,
241,jakobjohnson/2562890,"Johnson, Jakob",FB,2019,Regular Season,5,10/06,Away,WAS,W,33 to 7,1,1,--,--,--,--,--,1,5,5.0,5,0,--,--,510,nwe,1.0,4500,24.0,Stuttgart Germany,12/15/1994,Tennessee,Injured reserve,New England Patriots,1st season,75.0,,,47.0,255.0,
242,davidmontgomery/2562502,"Montgomery, David",RB,2019,Regular Season,2,09/15,Away,DEN,W,16 to 14,1,1,18,62,3.4,12,1,1,6,6.0,6,0,--,--,136,chi,13.3,5800,22.0,"Cincinnati , OH",6/7/1997,Iowa State,Active,Chicago Bears,Rookie,70.0,Mount Healthy HS,"Cincinnati, OH",32.0,222.0,
243,davidmontgomery/2562502,"Montgomery, David",RB,2019,Regular Season,3,09/23,Away,WAS,W,31 to 15,1,0,13,67,5.2,25,0,3,14,4.7,6,0,--,--,261,chi,9.6,6000,22.0,"Cincinnati , OH",6/7/1997,Iowa State,Active,Chicago Bears,Rookie,70.0,Mount Healthy HS,"Cincinnati, OH",32.0,222.0,
244,davidmontgomery/2562502,"Montgomery, David",RB,2019,Regular Season,5,10/06,Away,OAK,L,21 to 24,1,1,11,25,2.3,6,1,1,11,11.0,11,0,--,--,471,chi,10.1,5700,22.0,"Cincinnati , OH",6/7/1997,Iowa State,Active,Chicago Bears,Rookie,70.0,Mount Healthy HS,"Cincinnati, OH",32.0,222.0,
245,christhompson/2540011,"Thompson, Chris",RB,2019,Regular Season,1,09/08,Away,PHI,L,27 to 32,1,0,3,10,3.3,7,0,7,68,9.7,18,0,--,--,18,was,11.3,5100,29.0,"Greenville , FL",10/20/1990,Florida State,Active,Washington Redskins,6th season,68.0,Madison County HS,"Madison, FL",25.0,195.0,
246,christhompson/2540011,"Thompson, Chris",RB,2019,Regular Season,4,09/29,Away,NYG,L,3 to 24,1,0,4,4,1.0,3,0,4,56,14.0,39,0,--,--,373,was,8.0,5300,29.0,"Greenville , FL",10/20/1990,Florida State,Active,Washington Redskins,6th season,68.0,Madison County HS,"Madison, FL",25.0,195.0,
247,christhompson/2540011,"Thompson, Chris",RB,2019,Regular Season,6,10/13,Away,MIA,W,17 to 16,1,0,3,12,4.0,8,0,2,8,4.0,4,0,--,--,595,was,3.0,5400,29.0,"Greenville , FL",10/20/1990,Florida State,Active,Washington Redskins,6th season,68.0,Madison County HS,"Madison, FL",25.0,195.0,
248,trentoncannon/2561137,"Cannon, Trenton",RB,2019,Regular Season,5,10/06,Away,PHI,L,6 to 31,1,0,--,--,--,--,--,--,--,--,--,--,--,--,542,nyj,0.0,4600,25.0,"Hampton , VA",7/23/1994,Virginia State,Injured reserve,New York Jets,2nd season,71.0,Keckoughten HS,"Hampton, VA",25.0,185.0,
249,markingram/2495466,"Ingram, Mark",RB,2019,Regular Season,1,09/08,Away,MIA,W,59 to 10,1,1,14,107,7.6,49,2,--,--,--,--,--,--,--,7,bal,22.7,6600,29.0,"Hackensack , NJ",12/21/1989,Alabama,Active,Baltimore Ravens,9th season,69.0,Grand Blanc HS,MI,21.0,210.0,
250,markingram/2495466,"Ingram, Mark",RB,2019,Regular Season,5,10/06,Away,PIT,W,26 to 23,1,1,19,44,2.3,14,1,2,5,2.5,4,0,--,--,464,bal,11.9,7500,29.0,"Hackensack , NJ",12/21/1989,Alabama,Active,Baltimore Ravens,9th season,69.0,Grand Blanc HS,MI,21.0,210.0,
251,markingram/2495466,"Ingram, Mark",RB,2019,Regular Season,7,10/20,Away,SEA,W,30 to 16,1,1,12,46,3.8,8,0,1,7,7.0,7,0,--,--,679,bal,5.8,7500,29.0,"Hackensack , NJ",12/21/1989,Alabama,Active,Baltimore Ravens,9th season,69.0,Grand Blanc HS,MI,21.0,210.0,
252,joshjacobs/2562377,"Jacobs, Josh",RB,2019,Regular Season,3,09/22,Away,MIN,L,14 to 34,1,1,10,44,4.4,18,0,0,0,--,--,0,--,--,277,oak,4.4,6500,21.0,"Tulsa , OK",2/11/1998,Alabama,Active,Oakland Raiders,Rookie,70.0,McLain HS,"Tulsa, OK",28.0,220.0,
253,joshjacobs/2562377,"Jacobs, Josh",RB,2019,Regular Season,4,09/29,Away,IND,W,31 to 24,1,1,17,79,4.6,16,0,2,29,14.5,20,0,--,--,358,oak,11.8,6000,21.0,"Tulsa , OK",2/11/1998,Alabama,Active,Oakland Raiders,Rookie,70.0,McLain HS,"Tulsa, OK",28.0,220.0,
254,joshjacobs/2562377,"Jacobs, Josh",RB,2019,Regular Season,8,10/27,Away,HOU,L,24 to 27,1,1,15,66,4.4,23,0,2,15,7.5,8,0,--,--,770,oak,9.1,7200,21.0,"Tulsa , OK",2/11/1998,Alabama,Active,Oakland Raiders,Rookie,70.0,McLain HS,"Tulsa, OK",28.0,220.0,
255,leonardfournette/2557973,"Fournette, Leonard",RB,2019,Regular Season,2,09/15,Away,HOU,L,12 to 13,1,1,15,47,3.1,14,0,4,40,10.0,20,0,--,--,143,jac,10.7,6900,24.0,"New Orleans , LA",1/18/1995,LSU,Active,Jacksonville Jaguars,3rd season,72.0,St. Augustine HS,"New Orleans, LA",27.0,228.0,
256,leonardfournette/2557973,"Fournette, Leonard",RB,2019,Regular Season,4,09/29,Away,DEN,W,26 to 24,1,1,29,225,7.8,81,0,2,20,10.0,19,0,--,--,342,jac,25.5,6400,24.0,"New Orleans , LA",1/18/1995,LSU,Active,Jacksonville Jaguars,3rd season,72.0,St. Augustine HS,"New Orleans, LA",27.0,228.0,
257,leonardfournette/2557973,"Fournette, Leonard",RB,2019,Regular Season,5,10/06,Away,CAR,L,27 to 34,1,1,23,108,4.7,48,1,4,29,7.3,14,0,--,--,447,jac,21.7,6900,24.0,"New Orleans , LA",1/18/1995,LSU,Active,Jacksonville Jaguars,3rd season,72.0,St. Augustine HS,"New Orleans, LA",27.0,228.0,
258,leonardfournette/2557973,"Fournette, Leonard",RB,2019,Regular Season,7,10/20,Away,CIN,W,27 to 17,1,1,29,131,4.5,20,0,2,14,7.0,10,0,--,--,653,jac,15.5,7900,24.0,"New Orleans , LA",1/18/1995,LSU,Active,Jacksonville Jaguars,3rd season,72.0,St. Augustine HS,"New Orleans, LA",27.0,228.0,
259,tracarson/2556493,"Carson, Tra",,2019,Regular Season,5,10/06,Away,DAL,W,34 to 24,1,0,6,14,2.3,7,0,4,18,4.5,8,0,--,--,486,gnb,5.2,4500,27.0,"New Boston , TX",10/24/1992,Texas A&M,Cut from team,,Season,71.0,,,,228.0,
260,christianmccaffrey/2557997,"McCaffrey, Christian",RB,2019,Regular Season,3,09/22,Away,ARI,W,38 to 20,1,1,24,153,6.4,76T,1,3,35,11.7,18,0,--,--,235,car,26.3,8900,23.0,"Denver , CO",6/7/1996,Stanford,Active,Carolina Panthers,3rd season,71.0,Valor Christian HS,"Highlands Ranch, CO",22.0,205.0,
261,christianmccaffrey/2557997,"McCaffrey, Christian",RB,2019,Regular Season,4,09/29,Away,HOU,W,16 to 10,1,1,27,93,3.4,13,1,10,86,8.6,21,0,--,--,340,car,28.9,9000,23.0,"Denver , CO",6/7/1996,Stanford,Active,Carolina Panthers,3rd season,71.0,Valor Christian HS,"Highlands Ranch, CO",22.0,205.0,
262,kenjonbarner/2539289,"Barner, Kenjon",RB,2019,Regular Season,1,09/08,Away,MIN,L,12 to 28,1,0,--,--,--,--,--,--,--,--,--,--,--,--,98,atl,0.0,4500,30.0,"Lynwood , CA",4/28/1989,Oregon,Active,Atlanta Falcons,6th season,69.0,Notre Dame HS,"Riverside, CA",38.0,195.0,
263,kenjonbarner/2539289,"Barner, Kenjon",RB,2019,Regular Season,3,09/22,Away,IND,L,24 to 27,1,0,--,--,--,--,--,1,4,4.0,4,0,--,--,298,atl,0.9,4500,30.0,"Lynwood , CA",4/28/1989,Oregon,Active,Atlanta Falcons,6th season,69.0,Notre Dame HS,"Riverside, CA",38.0,195.0,
264,kenjonbarner/2539289,"Barner, Kenjon",RB,2019,Regular Season,6,10/13,Away,ARI,L,33 to 34,1,0,--,--,--,--,--,--,--,--,--,--,--,--,628,atl,0.0,4500,30.0,"Lynwood , CA",4/28/1989,Oregon,Active,Atlanta Falcons,6th season,69.0,Notre Dame HS,"Riverside, CA",38.0,195.0,
265,jamesdevelin/2508101,"Develin, James",FB,2019,Regular Season,2,09/15,Away,MIA,W,43 to 0,1,1,2,3,1.5,2,0,--,--,--,--,--,--,--,198,nwe,0.3,4500,31.0,"West Chester , PA",7/23/1988,Brown,Injured reserve,New England Patriots,7th season,75.0,Boyertown Area HS,"Gilbertsville, PA",46.0,255.0,
266,leseanmccoy/79607,"McCoy, LeSean",RB,2019,Regular Season,2,09/15,Away,OAK,W,28 to 10,1,0,11,23,2.1,6,0,3,0,0.0,5,0,--,--,170,kan,3.8,5800,31.0,"Harrisburg , PA",7/12/1988,Pittsburgh,Active,Kansas City Chiefs,11th season,71.0,Bishop McDevitt HS,"Harrisburg, PA",25.0,210.0,
267,leseanmccoy/79607,"McCoy, LeSean",RB,2019,Regular Season,4,09/29,Away,DET,W,34 to 30,1,1,11,56,5.1,39,1,2,33,16.5,23,0,--,--,351,kan,15.9,6300,31.0,"Harrisburg , PA",7/12/1988,Pittsburgh,Active,Kansas City Chiefs,11th season,71.0,Bishop McDevitt HS,"Harrisburg, PA",25.0,210.0,
268,leseanmccoy/79607,"McCoy, LeSean",RB,2019,Regular Season,7,10/17,Away,DEN,W,30 to 6,1,1,12,64,5.3,22,0,2,12,6.0,6,0,--,--,661,kan,8.6,6200,31.0,"Harrisburg , PA",7/12/1988,Pittsburgh,Active,Kansas City Chiefs,11th season,71.0,Bishop McDevitt HS,"Harrisburg, PA",25.0,210.0,
269,nickbawden/2560972,"Bawden, Nick",RB,2019,Regular Season,1,09/08,Away,ARI,T,27 to 27,1,0,--,--,--,--,--,1,0,0.0,0,0,--,--,77,det,0.5,4500,23.0,"Los Gatos , CA",6/22/1996,San Diego State,Active,Detroit Lions,2nd season,74.0,Los Gatos HS,CA,46.0,245.0,
270,nickbawden/2560972,"Bawden, Nick",RB,2019,Regular Season,3,09/22,Away,PHI,W,27 to 24,1,0,--,--,--,--,--,1,10,10.0,10,0,--,--,294,det,1.5,4500,23.0,"Los Gatos , CA",6/22/1996,San Diego State,Active,Detroit Lions,2nd season,74.0,Los Gatos HS,CA,46.0,245.0,
271,sonymichel/2560809,"Michel, Sony",RB,2019,Regular Season,2,09/15,Away,MIA,W,43 to 0,1,1,21,83,4.0,12,1,--,--,--,--,--,1,1,139,nwe,12.5,6800,24.0,"Orlando , FL",2/17/1995,Georgia,Active,New England Patriots,2nd season,71.0,American Heritage School HS,"Plantation, FL",26.0,215.0,
272,sonymichel/2560809,"Michel, Sony",RB,2019,Regular Season,4,09/29,Away,BUF,W,16 to 10,1,1,17,63,3.7,15,0,--,--,--,--,--,--,--,382,nwe,6.3,6100,24.0,"Orlando , FL",2/17/1995,Georgia,Active,New England Patriots,2nd season,71.0,American Heritage School HS,"Plantation, FL",26.0,215.0,
273,sonymichel/2560809,"Michel, Sony",RB,2019,Regular Season,5,10/06,Away,WAS,W,33 to 7,1,1,16,91,5.7,25,1,3,32,10.7,15,0,--,--,448,nwe,19.8,6300,24.0,"Orlando , FL",2/17/1995,Georgia,Active,New England Patriots,2nd season,71.0,American Heritage School HS,"Plantation, FL",26.0,215.0,
274,sonymichel/2560809,"Michel, Sony",RB,2019,Regular Season,7,10/21,Away,NYJ,W,33 to 0,1,1,19,42,2.2,11,3,1,-8,-8.0,-8,0,--,--,650,nwe,21.9,6500,24.0,"Orlando , FL",2/17/1995,Georgia,Active,New England Patriots,2nd season,71.0,American Heritage School HS,"Plantation, FL",26.0,215.0,
275,alecingold/2562288,"Ingold, Alec",RB,2019,Regular Season,3,09/22,Away,MIN,L,14 to 34,1,0,--,--,--,--,--,--,--,--,--,--,--,--,332,oak,0.0,4500,23.0,USA,7/9/1996,Wisconsin,Active,Oakland Raiders,Rookie,73.0,Bay Port HS,"Suamico, WI",45.0,240.0,
276,alecingold/2562288,"Ingold, Alec",RB,2019,Regular Season,4,09/29,Away,IND,W,31 to 24,1,1,1,1,1.0,1,0,--,--,--,--,--,--,--,414,oak,0.1,4500,23.0,USA,7/9/1996,Wisconsin,Active,Oakland Raiders,Rookie,73.0,Bay Port HS,"Suamico, WI",45.0,240.0,
277,alecingold/2562288,"Ingold, Alec",RB,2019,Regular Season,8,10/27,Away,HOU,L,24 to 27,1,0,1,2,2.0,2,0,--,--,--,--,--,--,--,821,oak,0.2,4500,23.0,USA,7/9/1996,Wisconsin,Active,Oakland Raiders,Rookie,73.0,Bay Port HS,"Suamico, WI",45.0,240.0,
278,austinekeler/2559169,"Ekeler, Austin",RB,2019,Regular Season,2,09/15,Away,DET,L,10 to 13,1,1,17,66,3.9,12,1,6,67,11.2,35,0,1,1,125,lac,20.3,7500,24.0,"Colorado Springs , CO",5/17/1995,Western State (Colo.),Active,Los Angeles Chargers,3rd season,70.0,Eaton HS,CO,30.0,200.0,
279,austinekeler/2559169,"Ekeler, Austin",RB,2019,Regular Season,4,09/29,Away,MIA,W,30 to 10,1,1,18,60,3.3,9,1,5,62,12.4,18T,1,--,--,341,lac,26.7,8100,24.0,"Colorado Springs , CO",5/17/1995,Western State (Colo.),Active,Los Angeles Chargers,3rd season,70.0,Eaton HS,CO,30.0,200.0,
280,austinekeler/2559169,"Ekeler, Austin",RB,2019,Regular Season,7,10/20,Away,TEN,L,20 to 23,1,0,5,7,1.4,3,0,7,118,16.9,41T,1,--,--,649,lac,22.0,6900,24.0,"Colorado Springs , CO",5/17/1995,Western State (Colo.),Active,Los Angeles Chargers,3rd season,70.0,Eaton HS,CO,30.0,200.0,
281,austinekeler/2559169,"Ekeler, Austin",RB,2019,Regular Season,8,10/27,Away,CHI,W,17 to 16,1,0,3,3,1.0,3,0,2,19,9.5,11T,1,--,--,769,lac,9.2,6800,24.0,"Colorado Springs , CO",5/17/1995,Western State (Colo.),Active,Los Angeles Chargers,3rd season,70.0,Eaton HS,CO,30.0,200.0,
282,derekwatt/2555220,"Watt, Derek",FB,2019,Regular Season,2,09/15,Away,DET,L,10 to 13,1,0,--,--,--,--,--,1,3,3.0,3,0,--,--,196,lac,0.8,4500,27.0,"Waukesha , WI",11/7/1992,Wisconsin,Active,Los Angeles Chargers,4th season,74.0,Pewaukee HS,WI,34.0,234.0,
283,derekwatt/2555220,"Watt, Derek",FB,2019,Regular Season,4,09/29,Away,MIA,W,30 to 10,1,0,--,--,--,--,--,1,21,21.0,21,0,--,--,396,lac,2.6,4500,27.0,"Waukesha , WI",11/7/1992,Wisconsin,Active,Los Angeles Chargers,4th season,74.0,Pewaukee HS,WI,34.0,234.0,
284,derekwatt/2555220,"Watt, Derek",FB,2019,Regular Season,7,10/20,Away,TEN,L,20 to 23,1,0,--,--,--,--,--,--,--,--,--,--,--,--,736,lac,0.0,4500,27.0,"Waukesha , WI",11/7/1992,Wisconsin,Active,Los Angeles Chargers,4th season,74.0,Pewaukee HS,WI,34.0,234.0,
285,derekwatt/2555220,"Watt, Derek",FB,2019,Regular Season,8,10/27,Away,CHI,W,17 to 16,1,0,1,2,2.0,2,0,--,--,--,--,--,--,--,820,lac,0.2,4500,27.0,"Waukesha , WI",11/7/1992,Wisconsin,Active,Los Angeles Chargers,4th season,74.0,Pewaukee HS,WI,34.0,234.0,
286,jordanscarlett/2562725,"Scarlett, Jordan",RB,2019,Regular Season,4,09/29,Away,HOU,W,16 to 10,1,0,--,--,--,--,--,--,--,--,--,--,--,--,434,car,0.0,4500,24.0,"Fort Lauderdale , FL",7/8/1995,Florida,Active,Carolina Panthers,Rookie,71.0,St. Thomas Aquinas HS,"Fort Lauderdale, FL",20.0,210.0,
287,adrianpeterson/2507164,"Peterson, Adrian",RB,2019,Regular Season,4,09/29,Away,NYG,L,3 to 24,1,1,11,28,2.5,9,0,--,--,--,--,--,--,--,393,was,2.8,5500,34.0,"Palestine , TX",3/21/1985,Oklahoma,Active,Washington Redskins,12th season,73.0,Palestine HS,TX,26.0,220.0,
288,adrianpeterson/2507164,"Peterson, Adrian",RB,2019,Regular Season,6,10/13,Away,MIA,W,17 to 16,1,1,23,118,5.1,25,0,2,18,9.0,13,0,--,--,556,was,14.6,5300,34.0,"Palestine , TX",3/21/1985,Oklahoma,Active,Washington Redskins,12th season,73.0,Palestine HS,TX,26.0,220.0,
289,adrianpeterson/2507164,"Peterson, Adrian",RB,2019,Regular Season,8,10/24,Away,MIN,L,9 to 19,1,1,14,76,5.4,29,0,2,27,13.5,21,0,--,--,762,was,11.3,5700,34.0,"Palestine , TX",3/21/1985,Oklahoma,Active,Washington Redskins,12th season,73.0,Palestine HS,TX,26.0,220.0,
290,dionlewis/2495469,"Lewis, Dion",RB,2019,Regular Season,1,09/08,Away,CLE,W,43 to 13,1,0,3,7,2.3,6,0,3,6,2.0,7,0,--,--,58,ten,2.8,5600,29.0,"Albany , NY",9/27/1990,Pittsburgh,Active,Tennessee Titans,8th season,68.0,Albany HS,NY,33.0,195.0,
291,dionlewis/2495469,"Lewis, Dion",RB,2019,Regular Season,4,09/29,Away,ATL,W,24 to 10,1,0,4,16,4.0,7,0,4,4,1.0,11,0,--,--,386,ten,4.0,4900,29.0,"Albany , NY",9/27/1990,Pittsburgh,Active,Tennessee Titans,8th season,68.0,Albany HS,NY,33.0,195.0,
292,dionlewis/2495469,"Lewis, Dion",RB,2019,Regular Season,6,10/13,Away,DEN,L,0 to 16,1,0,1,-1,-1.0,-1,0,3,20,6.7,9,0,--,--,592,ten,3.4,4900,29.0,"Albany , NY",9/27/1990,Pittsburgh,Active,Tennessee Titans,8th season,68.0,Albany HS,NY,33.0,195.0,
293,d.j.foster/2556528,"Foster, D.J.",RB,2019,Regular Season,2,09/15,Away,BAL,L,17 to 23,1,0,--,--,--,--,--,--,--,--,--,--,--,--,211,ari,0.0,4500,25.0,"Scottsdale , AZ",11/22/1993,Arizona State,Injured reserve,Arizona Cardinals,4th season,72.0,Saguaro HS,"Scottsdale, AZ",37.0,205.0,
294,d.j.foster/2556528,"Foster, D.J.",RB,2019,Regular Season,5,10/06,Away,CIN,W,26 to 23,1,0,--,--,--,--,--,--,--,--,--,--,--,--,527,ari,0.0,4500,25.0,"Scottsdale , AZ",11/22/1993,Arizona State,Injured reserve,Arizona Cardinals,4th season,72.0,Saguaro HS,"Scottsdale, AZ",37.0,205.0,
295,nickbellore/2495262,"Bellore, Nick",RB,2019,Regular Season,2,09/15,Away,PIT,W,28 to 26,1,0,--,--,--,--,--,--,--,--,--,--,--,--,206,sea,0.0,4500,30.0,"St. Paul , MN",5/12/1989,Central Michigan,Active,Seattle Seahawks,9th season,73.0,Whitefish Bay HS,WI,44.0,250.0,
296,nickbellore/2495262,"Bellore, Nick",RB,2019,Regular Season,4,09/29,Away,ARI,W,27 to 10,1,0,--,--,--,--,--,--,--,--,--,--,--,--,419,sea,0.0,4500,30.0,"St. Paul , MN",5/12/1989,Central Michigan,Active,Seattle Seahawks,9th season,73.0,Whitefish Bay HS,WI,44.0,250.0,
297,nickbellore/2495262,"Bellore, Nick",RB,2019,Regular Season,6,10/13,Away,CLE,W,32 to 28,1,0,--,--,--,--,--,1,20,20.0,20,0,--,--,599,sea,2.5,4500,30.0,"St. Paul , MN",5/12/1989,Central Michigan,Active,Seattle Seahawks,9th season,73.0,Whitefish Bay HS,WI,44.0,250.0,
298,nickbellore/2495262,"Bellore, Nick",RB,2019,Regular Season,8,10/27,Away,ATL,W,27 to 20,1,0,--,--,--,--,--,--,--,--,--,--,--,--,826,sea,0.0,4500,30.0,"St. Paul , MN",5/12/1989,Central Michigan,Active,Seattle Seahawks,9th season,73.0,Whitefish Bay HS,WI,44.0,250.0,
299,jordanhoward/2555418,"Howard, Jordan",RB,2019,Regular Season,2,09/15,Away,ATL,L,20 to 24,1,0,8,18,2.3,5,0,1,8,8.0,8,0,--,--,175,phi,3.1,5600,25.0,"Fairfield , AL",11/2/1994,Indiana,Active,Philadelphia Eagles,4th season,72.0,Gardendale HS,AL,24.0,224.0,
300,jordanhoward/2555418,"Howard, Jordan",RB,2019,Regular Season,6,10/13,Away,MIN,L,20 to 38,1,1,13,49,3.8,12,0,--,--,--,--,--,--,--,584,phi,4.9,6200,25.0,"Fairfield , AL",11/2/1994,Indiana,Active,Philadelphia Eagles,4th season,72.0,Gardendale HS,AL,24.0,224.0,
301,jordanhoward/2555418,"Howard, Jordan",RB,2019,Regular Season,7,10/20,Away,DAL,L,10 to 37,1,1,11,50,4.5,16,0,2,6,3.0,9,0,--,--,674,phi,6.6,6000,25.0,"Fairfield , AL",11/2/1994,Indiana,Active,Philadelphia Eagles,4th season,72.0,Gardendale HS,AL,24.0,224.0,
302,jordanhoward/2555418,"Howard, Jordan",RB,2019,Regular Season,8,10/27,Away,BUF,W,31 to 13,1,1,23,96,4.2,20,1,1,15,15.0,15,0,--,--,752,phi,17.6,6000,25.0,"Fairfield , AL",11/2/1994,Indiana,Active,Philadelphia Eagles,4th season,72.0,Gardendale HS,AL,24.0,224.0,
303,davidjohnson/2553435,"Johnson, David",RB,2019,Regular Season,2,09/15,Away,BAL,L,17 to 23,1,1,7,14,2.0,4,1,1,0,0.0,0,0,--,--,152,ari,7.9,7300,27.0,"Memphis , TN",12/16/1991,Northern Iowa,Active,Arizona Cardinals,5th season,73.0,Clinton HS,IA,31.0,224.0,
304,davidjohnson/2553435,"Johnson, David",RB,2019,Regular Season,5,10/06,Away,CIN,W,26 to 23,1,1,17,91,5.4,17,0,3,65,21.7,24,0,--,--,451,ari,17.1,6800,27.0,"Memphis , TN",12/16/1991,Northern Iowa,Active,Arizona Cardinals,5th season,73.0,Clinton HS,IA,31.0,224.0,
305,davidjohnson/2553435,"Johnson, David",RB,2019,Regular Season,7,10/20,Away,NYG,W,27 to 21,1,1,1,2,2.0,2,0,--,--,--,--,--,--,--,719,ari,0.2,7400,27.0,"Memphis , TN",12/16/1991,Northern Iowa,Active,Arizona Cardinals,5th season,73.0,Clinton HS,IA,31.0,224.0,
306,jamizeolawale/2536044,"Olawale, Jamize",RB,2019,Regular Season,2,09/15,Away,WAS,W,31 to 21,1,1,--,--,--,--,--,--,--,--,--,--,--,--,227,dal,0.0,4500,30.0,"San Francisco , CA",4/17/1989,North Texas,Active,Dallas Cowboys,7th season,73.0,Long Beach Polytechnic HS,CA,49.0,242.0,
307,jamizeolawale/2536044,"Olawale, Jamize",RB,2019,Regular Season,6,10/13,Away,NYJ,L,22 to 24,1,0,--,--,--,--,--,--,--,--,--,--,--,--,643,dal,0.0,4500,30.0,"San Francisco , CA",4/17/1989,North Texas,Active,Dallas Cowboys,7th season,73.0,Long Beach Polytechnic HS,CA,49.0,242.0,
